date,week,game,team,player,stat,market_line,actual,p_more_mkt,more_hit,pct,in50,in80,pct_raw,in50_raw,in80_raw,model_version,p_more_v6
2026-09-27,3,KC @ MIA,KC,Patrick Mahomes,Pass Yds,235.5,246.0,0.5166,1.0,53.48,1.0,1.0,54.96,1.0,1.0,v5,
2026-09-27,3,KC @ MIA,KC,Rashee Rice,Rec Yds,48.5,88.0,0.5344,1.0,80.76,0.0,1.0,73.48,1.0,1.0,v5,
2026-09-27,3,KC @ MIA,KC,Kenneth Walker,Rush Yds,82.5,70.0,0.5584,0.0,35.56,1.0,1.0,66.4,1.0,1.0,v5,
2026-09-27,3,KC @ MIA,MIA,Malik Willis,Pass Yds,176.5,210.0,0.5138,1.0,66.28,1.0,1.0,63.62,1.0,1.0,v5,
2026-09-27,3,KC @ MIA,MIA,De'Von Achane,Rush Yds,59.5,17.0,0.557,0.0,5.66,0.0,0.0,5.08,0.0,0.0,v5,
2026-09-27,3,KC @ MIA,MIA,Malik Willis,Rush Yds,33.5,56.0,0.5516,1.0,66.97999999999999,1.0,1.0,89.22,0.0,1.0,v5,
2026-09-27,3,KC @ MIA,KC,Patrick Mahomes,Rush Yds,15.5,1.0,0.5066,0.0,15.52,0.0,1.0,15.52,0.0,1.0,v5,
2026-09-27,3,KC @ MIA,MIA,De'Von Achane,Rec Yds,26.5,0.0,0.5512,0.0,2.95,0.0,0.0,2.95,0.0,0.0,v5,
2026-09-27,3,KC @ MIA,KC,Kenneth Walker,Rec Yds,23.5,3.0,0.5218,0.0,11.1,0.0,1.0,11.1,0.0,1.0,v5,
2026-09-27,3,KC @ MIA,KC,Travis Kelce,Rec Yds,52.5,59.0,0.516,1.0,54.6,1.0,1.0,63.92,1.0,1.0,v5,
2026-09-27,3,KC @ MIA,KC,Xavier Worthy,Rec Yds,38.5,20.0,0.554,0.0,24.28,0.0,1.0,30.84,1.0,1.0,v5,
2026-09-27,3,KC @ MIA,MIA,Malik Willis,Pass TDs,0.5,0.0,0.4806,0.0,25.97,1.0,1.0,25.97,1.0,1.0,v5,
2026-09-27,3,KC @ MIA,KC,Patrick Mahomes,Pass TDs,1.5,2.0,0.771,1.0,36.45,1.0,1.0,65.85000000000001,1.0,1.0,v5,
2026-09-27,3,KC @ MIA,KC,Kenneth Walker,Rush+Rec Yds,109.5,73.0,0.535,0.0,21.1,0.0,1.0,42.86,1.0,1.0,v5,
2026-09-27,3,KC @ MIA,KC,Tyquan Thornton,Receptions,1.5,2.0,0.5,1.0,60.86,1.0,1.0,67.63,1.0,1.0,v5,
2026-09-27,3,KC @ MIA,MIA,Malik Washington,Rec Yds,37.5,56.0,0.5484,1.0,64.02,1.0,1.0,76.8,0.0,1.0,v5,
2026-09-27,3,KC @ MIA,KC,Tyquan Thornton,Rec Yds,19.5,22.0,0.4924,1.0,52.52,1.0,1.0,62.72,1.0,1.0,v5,
2026-09-27,3,KC @ MIA,MIA,De'Von Achane,Rush+Rec Yds,90.5,17.0,0.5606,0.0,0.74,0.0,0.0,0.54,0.0,0.0,v5,
2026-09-27,3,KC @ MIA,KC,Kenneth Walker,Receptions,3.5,2.0,0.5,0.0,25.31,1.0,1.0,30.1,1.0,1.0,v5,
2026-09-27,3,KC @ MIA,MIA,Malik Washington,Receptions,3.5,5.0,0.637,1.0,55.2,1.0,1.0,76.79,1.0,1.0,v5,
2026-09-27,3,KC @ MIA,KC,Rashee Rice,Receptions,4.5,7.0,0.4998,1.0,82.59,0.0,1.0,73.17,1.0,1.0,v5,
2026-09-27,3,KC @ MIA,KC,Travis Kelce,Receptions,4.5,2.0,0.5,0.0,13.03,0.0,1.0,12.26,0.0,1.0,v5,
2026-09-27,3,KC @ MIA,KC,Xavier Worthy,Receptions,3.5,2.0,0.4998,0.0,25.25,1.0,1.0,30.48,1.0,1.0,v5,
2026-09-27,3,KC @ MIA,MIA,Malik Washington,Rush+Rec Yds,40.5,61.0,0.5274,1.0,70.06,1.0,1.0,71.7,1.0,1.0,v5,
2026-09-27,3,KC @ MIA,KC,Rashee Rice,Rush+Rec Yds,49.5,88.0,0.5008,1.0,83.89999999999999,0.0,1.0,67.42,1.0,1.0,v5,
2026-09-27,3,KC @ MIA,KC,Tyquan Thornton,Rush+Rec Yds,22.5,22.0,0.5208,0.0,46.66,1.0,1.0,51.66,1.0,1.0,v5,
2026-09-27,3,KC @ MIA,KC,Xavier Worthy,Rush+Rec Yds,38.5,20.0,0.4998,0.0,23.02,0.0,1.0,22.12,0.0,1.0,v5,
2026-09-27,3,KC @ MIA,MIA,De'Von Achane,Receptions,3.5,0.0,0.6436,0.0,1.38,0.0,0.0,1.38,0.0,0.0,v5,
2026-09-27,3,KC @ MIA,MIA,Greg Dulcich,Receptions,2.5,5.0,0.5,1.0,87.88,0.0,1.0,81.60000000000001,0.0,1.0,v5,
2026-09-27,3,KC @ MIA,MIA,Greg Dulcich,Rec Yds,22.5,55.0,0.5368,1.0,86.96000000000001,0.0,1.0,80.58,0.0,1.0,v5,
2026-09-27,3,KC @ MIA,MIA,Kevin Coleman Jr.,Receptions,1.5,1.0,0.4998,0.0,38.17,1.0,1.0,41.99,1.0,1.0,v5,
2026-09-27,3,KC @ MIA,MIA,Kevin Coleman Jr.,Rec Yds,14.5,3.0,0.4838,0.0,26.32,1.0,1.0,26.32,1.0,1.0,v5,
2026-09-27,3,KC @ MIA,MIA,Kevin Coleman Jr.,Rush+Rec Yds,16.5,3.0,0.5326,0.0,14.42,0.0,1.0,13.6,0.0,1.0,v5,
2026-09-27,3,KC @ MIA,MIA,Ryan Miller,Rec Yds,24.5,15.0,0.4646,0.0,52.46,1.0,1.0,77.72,0.0,1.0,v5,
2026-09-27,3,KC @ MIA,MIA,Ollie Gordon II,Rush Yds,8.5,41.0,0.408,1.0,98.72,0.0,0.0,92.72,0.0,0.0,v5,
2026-09-27,3,KC @ MIA,MIA,Ollie Gordon II,Rush+Rec Yds,14.5,55.0,0.455,1.0,98.06,0.0,0.0,93.24,0.0,0.0,v5,
2026-09-27,3,KC @ MIA,MIA,Ollie Gordon II,Receptions,0.5,3.0,0.5,1.0,97.65,0.0,0.0,94.13,0.0,0.0,v5,
2026-09-27,3,KC @ MIA,MIA,Ollie Gordon II,Rec Yds,0.5,14.0,0.5304,1.0,49.120000000000005,1.0,1.0,80.34,0.0,1.0,v5,
2026-09-27,3,KC @ MIA,MIA,Ryan Miller,Receptions,0.5,2.0,0.4568,1.0,54.32,1.0,1.0,91.15,0.0,1.0,v5,
2026-09-27,3,NYJ @ DET,DET,Jared Goff,Pass Yds,258.5,269.0,0.5522,1.0,49.72,1.0,1.0,42.06,1.0,1.0,v5,
2026-09-27,3,NYJ @ DET,DET,Amon-Ra St. Brown,Rec Yds,75.5,19.0,0.5602,0.0,4.38,0.0,0.0,4.38,0.0,0.0,v5,
2026-09-27,3,NYJ @ DET,DET,Jahmyr Gibbs,Rec Yds,34.5,65.0,0.578,1.0,74.74,1.0,1.0,90.24,0.0,0.0,v5,
2026-09-27,3,NYJ @ DET,DET,Jameson Williams,Rec Yds,54.5,49.0,0.5386,0.0,41.2,1.0,1.0,49.98,1.0,1.0,v5,
2026-09-27,3,NYJ @ DET,DET,Sam LaPorta,Rec Yds,46.5,44.0,0.563,0.0,42.58,1.0,1.0,54.3,1.0,1.0,v5,
2026-09-27,3,NYJ @ DET,DET,Jahmyr Gibbs,Rush Yds,89.5,99.0,0.5492,1.0,52.6,1.0,1.0,67.06,1.0,1.0,v5,
2026-09-27,3,NYJ @ DET,NYJ,Geno Smith,Pass Yds,227.5,321.0,0.5644,1.0,81.76,0.0,1.0,93.3,0.0,0.0,v5,
2026-09-27,3,NYJ @ DET,NYJ,Breece Hall,Rush Yds,59.5,32.0,0.558,0.0,16.32,0.0,1.0,18.38,0.0,1.0,v5,
2026-09-27,3,NYJ @ DET,NYJ,Geno Smith,Rush Yds,11.5,12.0,0.5828,1.0,45.540000000000006,1.0,1.0,51.78,1.0,1.0,v5,
2026-09-27,3,NYJ @ DET,NYJ,Breece Hall,Rec Yds,21.5,23.0,0.5442,1.0,45.58,1.0,1.0,72.5,1.0,1.0,v5,
2026-09-27,3,NYJ @ DET,NYJ,Garrett Wilson,Rec Yds,76.5,107.0,0.5336,1.0,65.02,1.0,1.0,88.14,0.0,1.0,v5,
2026-09-27,3,NYJ @ DET,NYJ,Geno Smith,Pass TDs,1.5,3.0,0.5,1.0,76.02,1.0,1.0,90.56,0.0,1.0,v5,
2026-09-27,3,NYJ @ DET,NYJ,Breece Hall,Receptions,3.5,3.0,0.4998,0.0,46.760000000000005,1.0,1.0,76.37,1.0,1.0,v5,
2026-09-27,3,NYJ @ DET,DET,Jahmyr Gibbs,Receptions,4.5,7.0,0.4998,1.0,79.78,0.0,1.0,87.85,0.0,1.0,v5,
2026-09-27,3,NYJ @ DET,NYJ,Breece Hall,Rush+Rec Yds,87.5,55.0,0.5154,0.0,20.880000000000003,0.0,1.0,26.200000000000003,1.0,1.0,v5,
2026-09-27,3,NYJ @ DET,DET,Jahmyr Gibbs,Rush+Rec Yds,129.5,164.0,0.5272,1.0,67.80000000000001,1.0,1.0,82.86,0.0,1.0,v5,
2026-09-27,3,NYJ @ DET,NYJ,Garrett Wilson,Receptions,6.5,10.0,0.5,1.0,81.45,0.0,1.0,95.49,0.0,0.0,v5,
2026-09-27,3,NYJ @ DET,DET,Isaac TeSlaa,Receptions,1.5,3.0,0.4998,1.0,76.47,1.0,1.0,89.45,0.0,1.0,v5,
2026-09-27,3,NYJ @ DET,DET,Jameson Williams,Receptions,3.5,4.0,0.6734,1.0,41.33,1.0,1.0,59.23,1.0,1.0,v5,
2026-09-27,3,NYJ @ DET,DET,Isaac TeSlaa,Rec Yds,15.5,66.0,0.546,1.0,86.3,0.0,1.0,96.28,0.0,0.0,v5,
2026-09-27,3,NYJ @ DET,DET,Jared Goff,Pass TDs,1.5,2.0,0.6658,1.0,41.72,1.0,1.0,55.27,1.0,1.0,v5,
2026-09-27,3,NYJ @ DET,DET,Amon-Ra St. Brown,Receptions,7.5,4.0,0.4998,0.0,13.44,0.0,1.0,14.65,0.0,1.0,v5,
2026-09-27,3,NYJ @ DET,DET,Sam LaPorta,Receptions,4.5,3.0,0.5,0.0,27.82,1.0,1.0,32.12,1.0,1.0,v5,
2026-09-27,3,NYJ @ DET,NYJ,Garrett Wilson,Rush+Rec Yds,61.5,107.0,0.611,1.0,71.88,1.0,1.0,84.11999999999999,0.0,1.0,v5,
2026-09-27,3,NYJ @ DET,DET,Jared Goff,Rush Yds,0.5,8.0,0.4988,1.0,99.36,0.0,0.0,64.44,1.0,1.0,v5,
2026-09-27,3,NYJ @ DET,NYJ,Kenyon Sadiq,Rec Yds,31.5,105.0,0.5586,1.0,87.94,0.0,1.0,99.76,0.0,0.0,v5,
2026-09-27,3,NYJ @ DET,NYJ,Kenyon Sadiq,Receptions,3.5,7.0,0.4998,1.0,86.11000000000001,0.0,1.0,99.18,0.0,0.0,v5,
2026-09-27,3,NYJ @ DET,NYJ,Isaiah Williams,Rec Yds,33.5,21.0,0.5714,0.0,30.26,1.0,1.0,48.86,1.0,1.0,v5,
2026-09-27,3,NYJ @ DET,NYJ,Isaiah Williams,Rush+Rec Yds,21.5,21.0,0.5376,0.0,46.08,1.0,1.0,39.58,1.0,1.0,v5,
2026-09-27,3,NYJ @ DET,NYJ,Isaiah Williams,Receptions,3.5,1.0,0.4998,0.0,15.27,0.0,1.0,21.74,1.0,1.0,v5,
2026-09-27,3,NYJ @ DET,NYJ,Braelon Allen,Rec Yds,2.5,3.0,0.5084,1.0,49.16,1.0,1.0,53.44,1.0,1.0,v5,
2026-09-27,3,NYJ @ DET,NYJ,Braelon Allen,Rush+Rec Yds,22.5,17.0,0.5682,0.0,32.26,1.0,1.0,37.0,1.0,1.0,v5,
2026-09-27,3,NYJ @ DET,NYJ,Braelon Allen,Rush Yds,16.5,14.0,0.5502,0.0,37.78,1.0,1.0,44.98,1.0,1.0,v5,
2026-09-27,3,NYJ @ DET,NYJ,Jeremy Ruckert,Rec Yds,8.5,39.0,0.5616,1.0,83.84,0.0,1.0,93.86,0.0,0.0,v5,
2026-09-27,3,NYJ @ DET,DET,Sione Vaki,Rush+Rec Yds,18.5,37.0,0.5218,1.0,64.88000000000001,1.0,1.0,95.44,0.0,0.0,v5,
2026-09-27,3,NYJ @ DET,DET,Sione Vaki,Rush Yds,10.5,26.0,0.5074,1.0,52.94,1.0,1.0,95.6,0.0,0.0,v5,
2026-09-27,3,NYJ @ DET,NYJ,Braelon Allen,Receptions,0.5,3.0,0.559,1.0,80.78999999999999,0.0,1.0,95.92,0.0,0.0,v5,
2026-09-27,3,NYJ @ DET,NYJ,Jeremy Ruckert,Receptions,0.5,5.0,0.7172,1.0,95.01,0.0,0.0,98.59,0.0,0.0,v5,
2026-09-27,3,NYJ @ DET,DET,Sione Vaki,Receptions,0.5,1.0,0.4556,1.0,54.44,1.0,1.0,70.1,1.0,1.0,v5,
2026-09-27,3,NYJ @ DET,NYJ,Isaiah Williams,Rush Yds,0.5,0.0,0.4734,0.0,26.03,1.0,1.0,26.03,1.0,1.0,v5,
2026-09-27,3,CAR @ CLE,CAR,Bryce Young,Pass Yds,223.5,291.0,0.528,1.0,76.06,0.0,1.0,87.36,0.0,1.0,v5,
2026-09-27,3,CAR @ CLE,CAR,Jalen Coker,Rec Yds,59.5,18.0,0.5186,0.0,17.82,0.0,1.0,27.76,1.0,1.0,v5,
2026-09-27,3,CAR @ CLE,CAR,Tetairoa McMillan,Rec Yds,62.5,17.0,0.5324,0.0,12.52,0.0,1.0,17.78,0.0,1.0,v5,
2026-09-27,3,CAR @ CLE,CAR,Chuba Hubbard,Rush Yds,70.5,82.0,0.5128,1.0,55.900000000000006,1.0,1.0,92.62,0.0,0.0,v5,
2026-09-27,3,CAR @ CLE,CLE,Deshaun Watson,Pass Yds,187.5,144.0,0.5166,0.0,24.96,0.0,1.0,22.1,0.0,1.0,v5,
2026-09-27,3,CAR @ CLE,CAR,Bryce Young,Rush Yds,13.5,0.0,0.4932,0.0,12.32,0.0,1.0,12.32,0.0,1.0,v5,
2026-09-27,3,CAR @ CLE,CLE,Deshaun Watson,Rush Yds,25.5,47.0,0.5528,1.0,72.06,1.0,1.0,78.32000000000001,0.0,1.0,v5,
2026-09-27,3,CAR @ CLE,CLE,Quinshon Judkins,Rush Yds,60.5,70.0,0.5408,1.0,55.36,1.0,1.0,68.26,1.0,1.0,v5,
2026-09-27,3,CAR @ CLE,CLE,Denzel Boston,Rec Yds,46.5,41.0,0.5326,0.0,41.88,1.0,1.0,44.34,1.0,1.0,v5,
2026-09-27,3,CAR @ CLE,CLE,Harold Fannin Jr.,Rec Yds,37.5,51.0,0.526,1.0,62.74,1.0,1.0,64.96,1.0,1.0,v5,
2026-09-27,3,CAR @ CLE,CLE,Denzel Boston,Receptions,3.5,2.0,0.5,0.0,23.45,1.0,1.0,23.21,1.0,1.0,v5,
2026-09-27,3,CAR @ CLE,CLE,Harold Fannin Jr.,Receptions,3.5,7.0,0.4998,1.0,92.04,0.0,1.0,85.83999999999999,0.0,1.0,v5,
2026-09-27,3,CAR @ CLE,CLE,Quinshon Judkins,Rec Yds,13.5,9.0,0.5112,0.0,35.44,1.0,1.0,35.44,1.0,1.0,v5,
2026-09-27,3,CAR @ CLE,CLE,Quinshon Judkins,Rush+Rec Yds,78.5,79.0,0.5384,1.0,46.74,1.0,1.0,56.84,1.0,1.0,v5,
2026-09-27,3,CAR @ CLE,CAR,Bryce Young,Pass TDs,1.5,1.0,0.5,0.0,41.84,1.0,1.0,50.63999999999999,1.0,1.0,v5,
2026-09-27,3,CAR @ CLE,CLE,Quinshon Judkins,Receptions,2.5,2.0,0.4998,0.0,39.43,1.0,1.0,41.75000000000001,1.0,1.0,v5,
2026-09-27,3,CAR @ CLE,CLE,Denzel Boston,Rush+Rec Yds,44.5,41.0,0.4956,0.0,45.8,1.0,1.0,37.76,1.0,1.0,v5,
2026-09-27,3,CAR @ CLE,CAR,Chuba Hubbard,Receptions,2.5,4.0,0.4998,1.0,62.84,1.0,1.0,93.5,0.0,0.0,v5,
2026-09-27,3,CAR @ CLE,CAR,Chuba Hubbard,Rec Yds,14.5,28.0,0.5326,1.0,66.46,1.0,1.0,89.52,0.0,1.0,v5,
2026-09-27,3,CAR @ CLE,CAR,Chuba Hubbard,Rush+Rec Yds,86.5,110.0,0.5254,1.0,62.88,1.0,1.0,95.76,0.0,0.0,v5,
2026-09-27,3,CAR @ CLE,CAR,Darren Waller,Rec Yds,20.5,51.0,0.5258,1.0,82.98,0.0,1.0,84.32,0.0,1.0,v5,
2026-09-27,3,CAR @ CLE,CAR,Tommy Tremble,Rec Yds,10.5,41.0,0.4728,1.0,93.14,0.0,0.0,91.82,0.0,0.0,v5,
2026-09-27,3,CAR @ CLE,CAR,Jalen Coker,Receptions,4.5,2.0,0.6078,0.0,14.84,0.0,1.0,29.969999999999995,1.0,1.0,v5,
2026-09-27,3,CAR @ CLE,CAR,Tetairoa McMillan,Receptions,4.5,2.0,0.4998,0.0,15.81,0.0,1.0,24.21,1.0,1.0,v5,
2026-09-27,3,CAR @ CLE,CAR,Darren Waller,Receptions,2.5,5.0,0.4998,1.0,86.05,0.0,1.0,90.56,0.0,1.0,v5,
2026-09-27,3,CAR @ CLE,CAR,Tommy Tremble,Receptions,1.5,3.0,0.7656,1.0,52.01,1.0,1.0,83.61,0.0,1.0,v5,
2026-09-27,3,CAR @ CLE,CAR,Jalen Coker,Rush+Rec Yds,61.5,18.0,0.5014,0.0,14.26,0.0,1.0,20.4,0.0,1.0,v5,
2026-09-27,3,CAR @ CLE,CAR,Tetairoa McMillan,Rush+Rec Yds,63.5,17.0,0.494,0.0,10.12,0.0,1.0,12.7,0.0,1.0,v5,
2026-09-27,3,CAR @ CLE,CLE,Deshaun Watson,Pass TDs,1.5,2.0,0.5,1.0,58.95,1.0,1.0,77.82,1.0,1.0,v5,
2026-09-27,3,CAR @ CLE,CLE,Raheim Sanders,Rec Yds,2.5,34.0,0.4882,1.0,99.98,0.0,0.0,91.4,0.0,0.0,v5,
2026-09-27,3,CAR @ CLE,CAR,Mitchell Evans,Rec Yds,4.5,36.0,0.549,1.0,95.5,0.0,0.0,92.22,0.0,0.0,v5,
2026-09-27,3,CAR @ CLE,CAR,Mitchell Evans,Receptions,0.5,3.0,0.6758,1.0,77.03,1.0,1.0,91.23,0.0,1.0,v5,
2026-09-27,3,CAR @ CLE,CLE,Raheim Sanders,Receptions,0.5,4.0,0.7596,1.0,88.72,0.0,1.0,93.25,0.0,0.0,v5,
2026-09-27,3,CAR @ CLE,CAR,AJ Dillon,Rush+Rec Yds,17.5,14.0,0.513,0.0,41.0,1.0,1.0,48.22,1.0,1.0,v5,
2026-09-27,3,CAR @ CLE,CAR,AJ Dillon,Rush Yds,14.5,16.0,0.4772,1.0,57.8,1.0,1.0,66.78,1.0,1.0,v5,
2026-09-27,3,CAR @ CLE,CLE,Raheim Sanders,Rush+Rec Yds,14.5,51.0,0.4994,1.0,98.18,0.0,0.0,81.39999999999999,0.0,1.0,v5,
2026-09-27,3,CAR @ CLE,CLE,Raheim Sanders,Rush Yds,6.5,17.0,0.3688,1.0,94.0,0.0,0.0,55.14,1.0,1.0,v5,
2026-09-27,3,CAR @ CLE,CAR,AJ Dillon,Receptions,0.5,1.0,0.4482,1.0,55.17999999999999,1.0,1.0,71.03999999999999,1.0,1.0,v5,
2026-09-27,3,CIN @ PIT,PIT,Aaron Rodgers,Pass Yds,224.5,292.0,0.5354,1.0,77.06,0.0,1.0,77.22,0.0,1.0,v5,
2026-09-27,3,CIN @ PIT,PIT,DK Metcalf,Rec Yds,52.5,31.0,0.5448,0.0,26.72,1.0,1.0,37.96,1.0,1.0,v5,
2026-09-27,3,CIN @ PIT,CIN,Joe Burrow,Pass Yds,253.5,282.0,0.5446,1.0,58.940000000000005,1.0,1.0,59.36,1.0,1.0,v5,
2026-09-27,3,CIN @ PIT,CIN,Ja'Marr Chase,Rec Yds,75.5,98.0,0.5356,1.0,64.52,1.0,1.0,71.12,1.0,1.0,v5,
2026-09-27,3,CIN @ PIT,CIN,Tee Higgins,Rec Yds,54.5,90.0,0.5404,1.0,71.78,1.0,1.0,81.67999999999999,0.0,1.0,v5,
2026-09-27,3,CIN @ PIT,PIT,Aaron Rodgers,Rush Yds,0.5,12.0,0.4774,1.0,52.26,1.0,1.0,84.6,0.0,1.0,v5,
2026-09-27,3,CIN @ PIT,CIN,Chase Brown,Rush Yds,63.5,61.0,0.5532,0.0,42.56,1.0,1.0,55.52,1.0,1.0,v5,
2026-09-27,3,CIN @ PIT,CIN,Joe Burrow,Rush Yds,5.5,13.0,0.5392,1.0,67.67999999999999,1.0,1.0,70.12,1.0,1.0,v5,
2026-09-27,3,CIN @ PIT,CIN,Chase Brown,Rec Yds,21.5,8.0,0.5416,0.0,15.659999999999998,0.0,1.0,17.599999999999998,0.0,1.0,v5,
2026-09-27,3,CIN @ PIT,CIN,Ja'Marr Chase,Receptions,6.5,9.0,0.5,1.0,77.57,1.0,1.0,82.65,0.0,1.0,v5,
2026-09-27,3,CIN @ PIT,CIN,Chase Brown,Rush+Rec Yds,89.5,69.0,0.5212,0.0,29.06,1.0,1.0,36.74,1.0,1.0,v5,
2026-09-27,3,CIN @ PIT,PIT,Aaron Rodgers,Pass TDs,1.5,3.0,0.4998,1.0,77.94,1.0,1.0,85.00999999999999,0.0,1.0,v5,
2026-09-27,3,CIN @ PIT,CIN,Joe Burrow,Pass TDs,1.5,3.0,0.5,1.0,81.87,1.0,1.0,77.92999999999999,1.0,1.0,v5,
2026-09-27,3,CIN @ PIT,CIN,Chase Brown,Receptions,3.5,2.0,0.5,0.0,23.05,1.0,1.0,21.77,1.0,1.0,v5,
2026-09-27,3,CIN @ PIT,CIN,Tee Higgins,Receptions,4.5,6.0,0.5,1.0,70.30000000000001,1.0,1.0,81.7,0.0,1.0,v5,
2026-09-27,3,CIN @ PIT,CIN,Ja'Marr Chase,Rush+Rec Yds,74.5,98.0,0.5704,1.0,63.42,1.0,1.0,66.84,1.0,1.0,v5,
2026-09-27,3,CIN @ PIT,CIN,Tee Higgins,Rush+Rec Yds,55.5,90.0,0.5176,1.0,74.33999999999999,1.0,1.0,78.06,0.0,1.0,v5,
2026-09-27,3,CIN @ PIT,PIT,Pat Freiermuth,Receptions,3.5,2.0,0.603,0.0,23.47,1.0,1.0,51.91,1.0,1.0,v5,
2026-09-27,3,CIN @ PIT,PIT,Pat Freiermuth,Rec Yds,36.5,30.0,0.5326,0.0,40.1,1.0,1.0,72.26,1.0,1.0,v5,
2026-09-27,3,CIN @ PIT,PIT,DK Metcalf,Receptions,4.5,3.0,0.4998,0.0,28.43,1.0,1.0,45.79,1.0,1.0,v5,
2026-09-27,3,CIN @ PIT,PIT,Jaylen Warren,Rec Yds,26.5,49.0,0.5352,1.0,68.86,1.0,1.0,94.96,0.0,0.0,v5,
2026-09-27,3,CIN @ PIT,PIT,Jaylen Warren,Rush+Rec Yds,87.5,176.0,0.529,1.0,88.98,0.0,1.0,99.44,0.0,0.0,v5,
2026-09-27,3,CIN @ PIT,PIT,Jaylen Warren,Rush Yds,57.5,127.0,0.5546,1.0,85.66,0.0,1.0,98.12,0.0,0.0,v5,
2026-09-27,3,CIN @ PIT,PIT,Jaylen Warren,Receptions,3.5,3.0,0.6198,0.0,34.98,1.0,1.0,71.06,1.0,1.0,v5,
2026-09-27,3,CIN @ PIT,PIT,DK Metcalf,Rush+Rec Yds,50.5,31.0,0.5092,0.0,27.66,1.0,1.0,31.72,1.0,1.0,v5,
2026-09-27,3,CIN @ PIT,PIT,Darnell Washington,Receptions,1.5,3.0,0.7726,1.0,51.66,1.0,1.0,83.25,0.0,1.0,v5,
2026-09-27,3,CIN @ PIT,PIT,Darnell Washington,Rec Yds,15.5,67.0,0.5374,1.0,90.08,0.0,0.0,97.64,0.0,0.0,v5,
2026-09-27,3,CIN @ PIT,CIN,Samaje Perine,Rec Yds,8.5,5.0,0.4756,0.0,41.48,1.0,1.0,41.48,1.0,1.0,v5,
2026-09-27,3,CIN @ PIT,CIN,Samaje Perine,Rush+Rec Yds,25.5,14.0,0.5166,0.0,23.36,0.0,1.0,19.3,0.0,1.0,v5,
2026-09-27,3,CIN @ PIT,CIN,Samaje Perine,Rush Yds,14.5,9.0,0.5412,0.0,31.5,1.0,1.0,26.66,1.0,1.0,v5,
2026-09-27,3,CIN @ PIT,CIN,Samaje Perine,Receptions,1.5,1.0,0.5,0.0,37.94,1.0,1.0,41.99,1.0,1.0,v5,
2026-09-27,3,CIN @ PIT,CIN,Mike Gesicki,Receptions,2.5,3.0,0.7032,1.0,39.85,1.0,1.0,63.65,1.0,1.0,v5,
2026-09-27,3,CIN @ PIT,CIN,Mike Gesicki,Rec Yds,23.5,37.0,0.5812,1.0,60.08,1.0,1.0,73.76,1.0,1.0,v5,
2026-09-27,3,CIN @ PIT,CIN,Drew Sample,Rec Yds,6.5,0.0,0.5948,0.0,16.540000000000003,1.0,1.0,16.540000000000003,1.0,1.0,v5,
2026-09-27,3,CIN @ PIT,CIN,Drew Sample,Receptions,1.5,1.0,0.4998,0.0,37.98,1.0,1.0,42.67,1.0,1.0,v5,
2026-09-27,3,CIN @ PIT,PIT,Michael Pittman Jr.,Receptions,2.5,2.0,0.6502,0.0,27.69,1.0,1.0,35.86,1.0,1.0,v5,
2026-09-27,3,CIN @ PIT,PIT,Michael Pittman Jr.,Rec Yds,26.5,16.0,0.5756,0.0,25.480000000000004,1.0,1.0,31.52,1.0,1.0,v5,
2026-09-27,3,CIN @ PIT,PIT,Travis Homer,Rec Yds,5.5,0.0,0.4632,0.0,27.2,1.0,1.0,27.2,1.0,1.0,v5,
2026-09-27,3,CIN @ PIT,PIT,Travis Homer,Rush+Rec Yds,21.5,0.0,0.5004,0.0,14.45,1.0,1.0,14.45,1.0,1.0,v5,
2026-09-27,3,CIN @ PIT,PIT,Travis Homer,Rush Yds,13.5,0.0,0.4988,0.0,26.590000000000003,1.0,1.0,26.590000000000003,1.0,1.0,v5,
2026-09-27,3,CIN @ PIT,PIT,Roman Wilson,Rec Yds,22.5,60.0,0.5454,1.0,74.98,1.0,1.0,93.68,0.0,0.0,v5,
2026-09-27,3,CIN @ PIT,PIT,Michael Pittman Jr.,Rush+Rec Yds,29.5,16.0,0.0036,0.0,91.26,0.0,0.0,23.18,0.0,1.0,v5,
2026-09-27,3,CIN @ PIT,PIT,Roman Wilson,Receptions,2.5,3.0,0.4998,1.0,52.57999999999999,1.0,1.0,84.85000000000001,0.0,1.0,v5,
2026-09-27,3,CIN @ PIT,PIT,Roman Wilson,Rush+Rec Yds,22.5,60.0,0.5,1.0,86.61999999999999,0.0,1.0,90.16,0.0,0.0,v5,
2026-09-27,3,CIN @ PIT,PIT,Germie Bernard,Rec Yds,29.5,14.0,0.5024,0.0,22.62,0.0,1.0,18.04,0.0,1.0,v5,
2026-09-27,3,LAC @ BUF,BUF,Josh Allen,Pass Yds,238.5,204.0,0.5504,0.0,29.84,1.0,1.0,40.22,1.0,1.0,v5,
2026-09-27,3,LAC @ BUF,BUF,James Cook III,Rush Yds,80.5,154.0,0.5592,1.0,90.32,0.0,0.0,92.34,0.0,0.0,v5,
2026-09-27,3,LAC @ BUF,BUF,Josh Allen,Rush Yds,34.5,23.0,0.5494,0.0,29.5,1.0,1.0,35.34,1.0,1.0,v5,
2026-09-27,3,LAC @ BUF,LAC,Justin Herbert,Pass Yds,224.5,226.0,0.5654,1.0,44.2,1.0,1.0,47.28,1.0,1.0,v5,
2026-09-27,3,LAC @ BUF,LAC,Omarion Hampton,Rush Yds,58.5,56.0,0.5626,0.0,41.44,1.0,1.0,45.92,1.0,1.0,v5,
2026-09-27,3,LAC @ BUF,BUF,Dalton Kincaid,Rec Yds,57.5,38.0,0.5388,0.0,33.739999999999995,1.0,1.0,71.34,1.0,1.0,v5,
2026-09-27,3,LAC @ BUF,BUF,DJ Moore,Rec Yds,49.5,67.0,0.5416,1.0,57.76,1.0,1.0,89.4,0.0,1.0,v5,
2026-09-27,3,LAC @ BUF,LAC,Justin Herbert,Rush Yds,19.5,17.0,0.5492,0.0,39.42,1.0,1.0,47.58,1.0,1.0,v5,
2026-09-27,3,LAC @ BUF,LAC,Ladd McConkey,Rec Yds,59.5,66.0,0.5416,1.0,51.54,1.0,1.0,66.78,1.0,1.0,v5,
2026-09-27,3,LAC @ BUF,LAC,Omarion Hampton,Rec Yds,11.5,0.0,0.5334,0.0,6.130000000000001,0.0,1.0,6.130000000000001,0.0,1.0,v5,
2026-09-27,3,LAC @ BUF,BUF,Josh Allen,Pass TDs,1.5,0.0,0.7672,0.0,11.64,0.0,1.0,11.64,0.0,1.0,v5,
2026-09-27,3,LAC @ BUF,LAC,Justin Herbert,Pass TDs,1.5,1.0,0.4998,0.0,39.690000000000005,1.0,1.0,45.74,1.0,1.0,v5,
2026-09-27,3,LAC @ BUF,LAC,Ladd McConkey,Receptions,4.5,4.0,0.6076,0.0,32.09,1.0,1.0,50.44,1.0,1.0,v5,
2026-09-27,3,LAC @ BUF,LAC,Quentin Johnston,Receptions,3.5,3.0,0.5,0.0,40.49,1.0,1.0,38.57000000000001,1.0,1.0,v5,
2026-09-27,3,LAC @ BUF,LAC,Quentin Johnston,Rec Yds,36.5,40.0,0.5724,1.0,47.3,1.0,1.0,44.98,1.0,1.0,v5,
2026-09-27,3,LAC @ BUF,BUF,DJ Moore,Receptions,3.5,6.0,0.6436,1.0,63.370000000000005,1.0,1.0,96.87,0.0,0.0,v5,
2026-09-27,3,LAC @ BUF,LAC,Tre' Harris,Receptions,2.5,6.0,0.5,1.0,92.32,0.0,1.0,95.63,0.0,0.0,v5,
2026-09-27,3,LAC @ BUF,LAC,Tre' Harris,Rec Yds,31.5,76.0,0.527,1.0,83.98,0.0,1.0,92.6,0.0,0.0,v5,
2026-09-27,3,LAC @ BUF,LAC,Omarion Hampton,Receptions,1.5,0.0,0.7334,0.0,4.29,0.0,0.0,3.43,0.0,0.0,v5,
2026-09-27,3,LAC @ BUF,LAC,Omarion Hampton,Rush+Rec Yds,74.5,56.0,0.5302,0.0,27.700000000000003,1.0,1.0,24.7,0.0,1.0,v5,
2026-09-27,3,LAC @ BUF,BUF,Jackson Hawes,Rec Yds,24.5,0.0,0.516,0.0,23.4,1.0,1.0,23.4,1.0,1.0,v5,
2026-09-27,3,LAC @ BUF,LAC,Ladd McConkey,Rush+Rec Yds,51.5,66.0,0.5566,1.0,58.7,1.0,1.0,60.64000000000001,1.0,1.0,v5,
2026-09-27,3,LAC @ BUF,LAC,Quentin Johnston,Rush+Rec Yds,37.5,40.0,0.5,1.0,54.0,1.0,1.0,38.48,1.0,1.0,v5,
2026-09-27,3,LAC @ BUF,LAC,Tre' Harris,Rush+Rec Yds,30.5,76.0,0.5,1.0,90.9,0.0,0.0,89.5,0.0,1.0,v5,
2026-09-27,3,LAC @ BUF,BUF,Dalton Kincaid,Receptions,4.5,2.0,0.5,0.0,19.76,1.0,1.0,41.97,1.0,1.0,v5,
2026-09-27,3,LAC @ BUF,BUF,James Cook III,Receptions,1.5,0.0,0.6436,0.0,10.22,0.0,1.0,10.22,0.0,1.0,v5,
2026-09-27,3,LAC @ BUF,BUF,James Cook III,Rec Yds,11.5,0.0,0.5534,0.0,14.15,1.0,1.0,14.15,1.0,1.0,v5,
2026-09-27,3,LAC @ BUF,BUF,James Cook III,Rush+Rec Yds,95.5,154.0,0.562,1.0,83.04,0.0,1.0,86.46000000000001,0.0,1.0,v5,
2026-09-27,3,LAC @ BUF,BUF,Khalil Shakir,Receptions,3.5,1.0,0.5972,0.0,9.73,0.0,1.0,13.63,0.0,1.0,v5,
2026-09-27,3,LAC @ BUF,BUF,Dawson Knox,Rec Yds,9.5,5.0,0.5626,0.0,31.9,1.0,1.0,31.9,1.0,1.0,v5,
2026-09-27,3,LAC @ BUF,BUF,Khalil Shakir,Rec Yds,42.5,6.0,0.5616,0.0,9.64,0.0,0.0,12.659999999999998,0.0,1.0,v5,
2026-09-27,3,LAC @ BUF,BUF,Dawson Knox,Receptions,1.5,1.0,0.5,0.0,36.62,1.0,1.0,38.93,1.0,1.0,v5,
2026-09-27,3,LAC @ BUF,BUF,Khalil Shakir,Rush+Rec Yds,41.5,6.0,0.515,0.0,7.539999999999999,0.0,0.0,8.6,0.0,0.0,v5,
2026-09-27,3,LAC @ BUF,LAC,Oronde Gadsden,Rec Yds,37.5,0.0,0.5486,0.0,5.4,0.0,1.0,5.4,0.0,1.0,v5,
2026-09-27,3,LAC @ BUF,LAC,Oronde Gadsden,Receptions,3.5,0.0,0.4998,0.0,4.19,0.0,0.0,4.19,0.0,0.0,v5,
2026-09-27,3,LAC @ BUF,LAC,Keaton Mitchell,Rush Yds,14.5,52.0,0.5656,1.0,89.38000000000001,0.0,1.0,89.38000000000001,0.0,1.0,v5,
2026-09-27,3,LAC @ BUF,BUF,Keon Coleman,Receptions,1.5,1.0,0.4998,0.0,34.93,1.0,1.0,28.910000000000004,1.0,1.0,v5,
2026-09-27,3,LAC @ BUF,BUF,Ty Johnson,Receptions,1.5,4.0,0.5,1.0,88.64999999999999,0.0,1.0,94.49,0.0,0.0,v5,
2026-09-27,3,LAC @ BUF,BUF,Ty Johnson,Rush+Rec Yds,25.5,50.0,0.5,1.0,82.14,0.0,1.0,82.39999999999999,0.0,1.0,v5,
2026-09-27,3,LAC @ BUF,LAC,Keaton Mitchell,Rec Yds,3.5,-5.0,0.4822,0.0,0.0,0.0,0.0,0.04,0.0,0.0,v5,
2026-09-27,3,LAC @ BUF,LAC,Keaton Mitchell,Rush+Rec Yds,21.5,47.0,0.5002,1.0,88.64,0.0,1.0,68.67999999999999,1.0,1.0,v5,
2026-09-27,3,LAC @ BUF,LAC,Keaton Mitchell,Receptions,1.5,3.0,0.5,1.0,81.41,1.0,1.0,78.64999999999999,1.0,1.0,v5,
2026-09-27,3,SEA @ WAS,SEA,Jaxon Smith-Njigba,Rec Yds,91.5,128.0,0.544,1.0,64.68,1.0,1.0,90.8,0.0,0.0,v5,
2026-09-27,3,SEA @ WAS,WAS,Marcus Mariota,Pass Yds,174.5,183.0,0.5332,1.0,50.7,1.0,1.0,48.46,1.0,1.0,v5,
2026-09-27,3,SEA @ WAS,WAS,Jacory Croskey-Merritt,Rush Yds,38.5,36.0,0.584,0.0,38.86,1.0,1.0,38.86,1.0,1.0,v5,
2026-09-27,3,SEA @ WAS,SEA,AJ Barner,Rec Yds,20.5,69.0,0.5438,1.0,87.86,0.0,1.0,96.72,0.0,0.0,v5,
2026-09-27,3,SEA @ WAS,SEA,Cooper Kupp,Rec Yds,19.5,46.0,0.5616,1.0,75.16000000000001,0.0,1.0,83.48,0.0,1.0,v5,
2026-09-27,3,SEA @ WAS,WAS,Stefon Diggs,Rec Yds,34.5,33.0,0.5564,0.0,41.54,1.0,1.0,43.08,1.0,1.0,v5,
2026-09-27,3,SEA @ WAS,WAS,Terry McLaurin,Rec Yds,42.5,77.0,0.5426,1.0,74.06,1.0,1.0,76.68,0.0,1.0,v5,
2026-09-27,3,SEA @ WAS,SEA,Jadarian Price,Rush Yds,54.5,15.0,0.5464,0.0,6.94,0.0,0.0,9.58,0.0,0.0,v5,
2026-09-27,3,SEA @ WAS,WAS,Marcus Mariota,Pass TDs,0.5,3.0,0.5952,1.0,78.58,1.0,1.0,93.98,0.0,0.0,v5,
2026-09-27,3,SEA @ WAS,WAS,Marcus Mariota,Rush Yds,23.5,13.0,0.5432,0.0,28.4,1.0,1.0,37.54,1.0,1.0,v5,
2026-09-27,3,SEA @ WAS,SEA,Rashid Shaheed,Rec Yds,28.5,14.0,0.5542,0.0,33.040000000000006,1.0,1.0,50.66,1.0,1.0,v5,
2026-09-27,3,SEA @ WAS,SEA,AJ Barner,Receptions,2.5,5.0,0.5,1.0,84.25,0.0,1.0,93.63,0.0,0.0,v5,
2026-09-27,3,SEA @ WAS,SEA,Jaxon Smith-Njigba,Receptions,6.5,10.0,0.5692,1.0,71.96000000000001,1.0,1.0,94.15,0.0,0.0,v5,
2026-09-27,3,SEA @ WAS,SEA,Jaxon Smith-Njigba,Rush+Rec Yds,86.5,128.0,0.5426,1.0,68.82000000000001,1.0,1.0,88.53999999999999,0.0,1.0,v5,
2026-09-27,3,SEA @ WAS,WAS,Stefon Diggs,Receptions,3.5,4.0,0.629,1.0,43.56,1.0,1.0,57.13,1.0,1.0,v5,
2026-09-27,3,SEA @ WAS,WAS,Terry McLaurin,Receptions,3.5,6.0,0.4998,1.0,81.08999999999999,0.0,1.0,84.14,0.0,1.0,v5,
2026-09-27,3,SEA @ WAS,WAS,Rachaad White,Rec Yds,15.5,6.0,0.5496,0.0,29.18,1.0,1.0,38.16,1.0,1.0,v5,
2026-09-27,3,SEA @ WAS,WAS,Jacory Croskey-Merritt,Rush+Rec Yds,42.5,43.0,0.5002,1.0,51.13999999999999,1.0,1.0,41.46,1.0,1.0,v5,
2026-09-27,3,SEA @ WAS,WAS,Rachaad White,Rush+Rec Yds,37.5,41.0,0.5538,1.0,49.5,1.0,1.0,56.08,1.0,1.0,v5,
2026-09-27,3,SEA @ WAS,WAS,Rachaad White,Rush Yds,19.5,35.0,0.5442,1.0,74.0,1.0,1.0,70.44,1.0,1.0,v5,
2026-09-27,3,SEA @ WAS,WAS,Jacory Croskey-Merritt,Receptions,0.5,1.0,0.4512,1.0,54.88,1.0,1.0,70.13,1.0,1.0,v5,
2026-09-27,3,SEA @ WAS,WAS,Rachaad White,Receptions,2.5,1.0,0.5,0.0,25.6,1.0,1.0,30.79,1.0,1.0,v5,
2026-09-27,3,SEA @ WAS,WAS,Stefon Diggs,Rush+Rec Yds,33.5,33.0,0.5002,0.0,49.02,1.0,1.0,33.92,1.0,1.0,v5,
2026-09-27,3,SEA @ WAS,WAS,Terry McLaurin,Rush+Rec Yds,43.5,77.0,0.5072,1.0,80.02,0.0,1.0,70.32000000000001,1.0,1.0,v5,
2026-09-27,3,SEA @ WAS,SEA,Rashid Shaheed,Receptions,2.5,2.0,0.5,0.0,38.48,1.0,1.0,68.93,1.0,1.0,v5,
2026-09-27,3,SEA @ WAS,SEA,Cooper Kupp,Receptions,2.5,4.0,0.4998,1.0,73.92999999999999,1.0,1.0,86.92999999999999,0.0,1.0,v5,
2026-09-27,3,SEA @ WAS,WAS,Dyami Brown,Rec Yds,8.5,0.0,0.6204,0.0,12.76,1.0,1.0,12.76,1.0,1.0,v5,
2026-09-27,3,SEA @ WAS,SEA,Cooper Kupp,Rush+Rec Yds,20.5,46.0,0.5,1.0,86.88,0.0,1.0,75.58,0.0,1.0,v5,
2026-09-27,3,SEA @ WAS,SEA,Rashid Shaheed,Rush+Rec Yds,39.5,14.0,0.4808,0.0,26.94,1.0,1.0,39.86,1.0,1.0,v5,
2026-09-27,3,SEA @ WAS,WAS,Dyami Brown,Rush+Rec Yds,8.5,0.0,0.5562,0.0,5.210000000000001,0.0,0.0,5.210000000000001,0.0,0.0,v5,
2026-09-27,3,SEA @ WAS,WAS,Dyami Brown,Receptions,1.5,0.0,0.5,0.0,11.69,0.0,1.0,11.69,0.0,1.0,v5,
2026-09-27,3,SEA @ WAS,SEA,Sam Darnold,Pass TDs,1.5,4.0,0.5,1.0,87.71,0.0,1.0,95.67,0.0,0.0,v5,
2026-09-27,3,SEA @ WAS,SEA,Sam Darnold,Pass Yds,219.5,379.0,0.5302,1.0,93.6,0.0,0.0,95.08,0.0,0.0,v5,
2026-09-27,3,SEA @ WAS,SEA,Sam Darnold,Rush Yds,6.5,5.0,0.58,0.0,37.74,1.0,1.0,42.0,1.0,1.0,v5,
2026-09-27,3,SEA @ WAS,SEA,Tory Horton,Receptions,1.5,3.0,0.4998,1.0,76.52,1.0,1.0,85.53,0.0,1.0,v5,
2026-09-27,3,SEA @ WAS,SEA,Tory Horton,Rec Yds,0.5,48.0,0.7142,1.0,100.0,0.0,0.0,88.38000000000001,0.0,1.0,v5,
2026-09-27,3,SEA @ WAS,SEA,Emanuel Wilson,Rush Yds,31.5,14.0,0.5664,0.0,16.66,0.0,1.0,18.4,0.0,1.0,v5,
2026-09-27,3,SEA @ WAS,SEA,Jadarian Price,Receptions,1.5,1.0,0.5,0.0,41.22,1.0,1.0,48.55,1.0,1.0,v5,
2026-09-27,3,SEA @ WAS,SEA,Jadarian Price,Rec Yds,8.5,7.0,0.5572,0.0,44.28,1.0,1.0,55.54,1.0,1.0,v5,
2026-09-27,3,SEA @ WAS,SEA,Emanuel Wilson,Rush+Rec Yds,30.5,14.0,0.4936,0.0,17.24,0.0,1.0,11.84,0.0,1.0,v5,
2026-09-27,3,SEA @ WAS,SEA,Jadarian Price,Rush+Rec Yds,65.5,22.0,0.564,0.0,6.12,0.0,0.0,10.52,0.0,1.0,v5,
2026-09-27,3,SEA @ WAS,SEA,Emanuel Wilson,Receptions,0.5,0.0,0.5,0.0,25.0,1.0,1.0,20.08,1.0,1.0,v5,
2026-09-27,3,SEA @ WAS,SEA,Emanuel Wilson,Rec Yds,0.5,0.0,0.4896,0.0,23.32,1.0,1.0,23.32,1.0,1.0,v5,
2026-09-27,3,SEA @ WAS,SEA,George Holani,Rush+Rec Yds,23.5,58.0,0.5068,1.0,89.84,0.0,1.0,90.36,0.0,0.0,v5,
2026-09-27,3,SEA @ WAS,SEA,George Holani,Rush Yds,14.5,10.0,0.4226,0.0,42.36,1.0,1.0,30.06,1.0,1.0,v5,
2026-09-27,3,SEA @ WAS,SEA,George Holani,Receptions,1.5,5.0,0.4442,1.0,55.58,1.0,1.0,99.84,0.0,0.0,v5,
2026-09-27,3,HOU @ IND,IND,Jonathan Taylor,Rush Yds,81.5,68.0,0.5748,0.0,31.56,1.0,1.0,35.099999999999994,1.0,1.0,v5,
2026-09-27,3,HOU @ IND,HOU,C.J. Stroud,Pass Yds,239.5,167.0,0.54,0.0,13.88,0.0,1.0,12.14,0.0,1.0,v5,
2026-09-27,3,HOU @ IND,IND,Daniel Jones,Pass Yds,210.5,235.0,0.5568,1.0,56.620000000000005,1.0,1.0,64.03999999999999,1.0,1.0,v5,
2026-09-27,3,HOU @ IND,HOU,C.J. Stroud,Rush Yds,10.5,10.0,0.5262,0.0,47.38,1.0,1.0,56.66,1.0,1.0,v5,
2026-09-27,3,HOU @ IND,IND,Daniel Jones,Rush Yds,9.5,5.0,0.5338,0.0,34.18,1.0,1.0,42.64,1.0,1.0,v5,
2026-09-27,3,HOU @ IND,IND,Tyler Warren,Rec Yds,46.5,55.0,0.5636,1.0,51.28,1.0,1.0,67.9,1.0,1.0,v5,
2026-09-27,3,HOU @ IND,HOU,C.J. Stroud,Pass TDs,1.5,1.0,0.4998,0.0,38.59,1.0,1.0,43.39,1.0,1.0,v5,
2026-09-27,3,HOU @ IND,HOU,Dalton Schultz,Receptions,5.5,3.0,0.5,0.0,17.45,0.0,1.0,19.25,1.0,1.0,v5,
2026-09-27,3,HOU @ IND,HOU,Dalton Schultz,Rec Yds,49.5,30.0,0.5678,0.0,21.7,0.0,1.0,25.16,1.0,1.0,v5,
2026-09-27,3,HOU @ IND,HOU,David Montgomery,Rec Yds,9.5,15.0,0.5166,1.0,63.0,1.0,1.0,65.60000000000001,1.0,1.0,v5,
2026-09-27,3,HOU @ IND,HOU,Jaylin Noel,Rec Yds,27.5,17.0,0.5822,0.0,30.2,1.0,1.0,45.98,1.0,1.0,v5,
2026-09-27,3,HOU @ IND,IND,Jonathan Taylor,Rec Yds,21.5,4.0,0.5576,0.0,13.28,0.0,1.0,16.68,0.0,1.0,v5,
2026-09-27,3,HOU @ IND,HOU,Woody Marks,Rec Yds,11.5,6.0,0.5266,0.0,31.66,1.0,1.0,31.66,1.0,1.0,v5,
2026-09-27,3,HOU @ IND,IND,Josh Downs,Rec Yds,50.5,77.0,0.531,1.0,69.26,1.0,1.0,85.76,0.0,1.0,v5,
2026-09-27,3,HOU @ IND,HOU,Kayshon Boutte,Rec Yds,36.5,21.0,0.5592,0.0,28.14,1.0,1.0,37.92,1.0,1.0,v5,
2026-09-27,3,HOU @ IND,IND,Keenan Allen,Rec Yds,32.5,63.0,0.5988,1.0,75.38,0.0,1.0,71.36,1.0,1.0,v5,
2026-09-27,3,HOU @ IND,HOU,Xavier Hutchinson,Rec Yds,38.5,51.0,0.5524,1.0,57.940000000000005,1.0,1.0,71.56,1.0,1.0,v5,
2026-09-27,3,HOU @ IND,HOU,David Montgomery,Rush+Rec Yds,63.5,48.0,0.5352,0.0,30.22,1.0,1.0,43.580000000000005,1.0,1.0,v5,
2026-09-27,3,HOU @ IND,IND,Jonathan Taylor,Rush+Rec Yds,105.5,72.0,0.5464,0.0,19.96,0.0,1.0,22.42,0.0,1.0,v5,
2026-09-27,3,HOU @ IND,HOU,Woody Marks,Rush+Rec Yds,44.5,21.0,0.5136,0.0,11.62,0.0,1.0,6.9,0.0,0.0,v5,
2026-09-27,3,HOU @ IND,HOU,David Montgomery,Rush Yds,50.5,33.0,0.546,0.0,25.88,1.0,1.0,40.68,1.0,1.0,v5,
2026-09-27,3,HOU @ IND,HOU,Woody Marks,Rush Yds,30.5,15.0,0.584,0.0,13.94,0.0,1.0,10.58,0.0,1.0,v5,
2026-09-27,3,HOU @ IND,IND,Jonathan Taylor,Receptions,2.5,2.0,0.6448,0.0,28.15,1.0,1.0,36.18,1.0,1.0,v5,
2026-09-27,3,HOU @ IND,HOU,Kayshon Boutte,Receptions,2.5,2.0,0.7072,0.0,23.79,1.0,1.0,41.27,1.0,1.0,v5,
2026-09-27,3,HOU @ IND,IND,Tyler Warren,Receptions,4.5,9.0,0.6358,1.0,82.98,0.0,1.0,94.38,0.0,0.0,v5,
2026-09-27,3,HOU @ IND,HOU,David Montgomery,Receptions,1.5,2.0,0.5,1.0,61.59,1.0,1.0,63.190000000000005,1.0,1.0,v5,
2026-09-27,3,HOU @ IND,HOU,Jaylin Noel,Receptions,2.5,2.0,0.5,0.0,41.49,1.0,1.0,55.99,1.0,1.0,v5,
2026-09-27,3,HOU @ IND,IND,Josh Downs,Receptions,4.5,5.0,0.5926,1.0,45.38,1.0,1.0,72.83,1.0,1.0,v5,
2026-09-27,3,HOU @ IND,HOU,Woody Marks,Receptions,1.5,1.0,0.6772,0.0,23.29,1.0,1.0,27.58,1.0,1.0,v5,
2026-09-27,3,HOU @ IND,IND,Keenan Allen,Receptions,3.5,6.0,0.656,1.0,68.8,1.0,1.0,77.46,1.0,1.0,v5,
2026-09-27,3,HOU @ IND,HOU,Xavier Hutchinson,Receptions,3.5,3.0,0.5,0.0,41.900000000000006,1.0,1.0,51.7,1.0,1.0,v5,
2026-09-27,3,HOU @ IND,IND,Josh Downs,Rush+Rec Yds,51.5,77.0,0.5196,1.0,72.3,1.0,1.0,82.08,0.0,1.0,v5,
2026-09-27,3,HOU @ IND,HOU,Kayshon Boutte,Rush+Rec Yds,33.5,21.0,0.5,0.0,31.879999999999995,1.0,1.0,28.64,1.0,1.0,v5,
2026-09-27,3,HOU @ IND,IND,Keenan Allen,Rush+Rec Yds,30.5,63.0,0.5192,1.0,87.58,0.0,1.0,65.32,1.0,1.0,v5,
2026-09-27,3,HOU @ IND,HOU,Xavier Hutchinson,Rush+Rec Yds,40.5,55.0,0.4996,1.0,66.62,1.0,1.0,69.42,1.0,1.0,v5,
2026-09-27,3,HOU @ IND,IND,Daniel Jones,Pass TDs,1.5,1.0,0.5,0.0,44.35,1.0,1.0,56.64,1.0,1.0,v5,
2026-09-27,3,HOU @ IND,IND,Josh Downs,Rush Yds,0.5,0.0,0.4794,0.0,25.95,1.0,1.0,25.95,1.0,1.0,v5,
2026-09-27,3,HOU @ IND,IND,Laquon Treadwell,Rec Yds,16.5,20.0,0.5668,1.0,45.92,1.0,1.0,66.24,1.0,1.0,v5,
2026-09-27,3,HOU @ IND,IND,Laquon Treadwell,Receptions,1.5,1.0,0.5,0.0,40.16,1.0,1.0,46.81,1.0,1.0,v5,
2026-09-27,3,HOU @ IND,IND,Laquon Treadwell,Rush+Rec Yds,16.5,20.0,0.5378,1.0,52.42,1.0,1.0,53.76,1.0,1.0,v5,
2026-09-27,3,HOU @ IND,HOU,Jared Wayne,Rec Yds,15.5,20.0,0.5736,1.0,51.38,1.0,1.0,53.24,1.0,1.0,v5,
2026-09-27,3,HOU @ IND,HOU,Foster Moreau,Rec Yds,4.5,7.0,0.5104,1.0,61.84,1.0,1.0,46.12,1.0,1.0,v5,
2026-09-27,3,HOU @ IND,HOU,Foster Moreau,Receptions,0.5,2.0,0.696,1.0,58.39,1.0,1.0,74.22,1.0,1.0,v5,
2026-09-27,3,HOU @ IND,HOU,Jared Wayne,Receptions,1.5,1.0,0.5,0.0,34.99,1.0,1.0,32.62,1.0,1.0,v5,
2026-09-27,3,HOU @ IND,HOU,Jared Wayne,Rush+Rec Yds,15.5,20.0,0.5384,1.0,58.02,1.0,1.0,39.96,1.0,1.0,v5,
2026-09-27,3,HOU @ IND,HOU,Jaylin Noel,Rush+Rec Yds,32.5,25.0,0.4838,0.0,41.36,1.0,1.0,49.72,1.0,1.0,v5,
2026-09-27,3,TEN @ NYG,TEN,Cam Ward,Pass Yds,178.5,181.0,0.5376,1.0,47.72,1.0,1.0,44.46,1.0,1.0,v5,
2026-09-27,3,TEN @ NYG,TEN,Cam Ward,Rush Yds,13.5,2.0,0.5208,0.0,24.0,0.0,1.0,24.0,0.0,1.0,v5,
2026-09-27,3,TEN @ NYG,TEN,Tony Pollard,Rush Yds,60.5,74.0,0.5584,1.0,55.60000000000001,1.0,1.0,65.32,1.0,1.0,v5,
2026-09-27,3,TEN @ NYG,TEN,Carnell Tate,Rec Yds,38.5,58.0,0.5568,1.0,63.63999999999999,1.0,1.0,78.08,0.0,1.0,v5,
2026-09-27,3,TEN @ NYG,TEN,Wan'Dale Robinson,Rec Yds,30.5,57.0,0.5646,1.0,74.36,1.0,1.0,82.19999999999999,0.0,1.0,v5,
2026-09-27,3,TEN @ NYG,NYG,Cam Skattebo,Rush Yds,59.5,60.0,0.5336,1.0,46.64,1.0,1.0,80.17999999999999,0.0,1.0,v5,
2026-09-27,3,TEN @ NYG,NYG,Jameis Winston,Pass Yds,199.5,118.0,0.5544,0.0,9.58,0.0,0.0,11.9,0.0,1.0,v5,
2026-09-27,3,TEN @ NYG,TEN,Calvin Ridley,Receptions,1.5,0.0,0.4998,0.0,12.87,1.0,1.0,12.87,1.0,1.0,v5,
2026-09-27,3,TEN @ NYG,TEN,Elic Ayomanor,Receptions,1.5,1.0,0.4998,0.0,35.160000000000004,1.0,1.0,35.120000000000005,1.0,1.0,v5,
2026-09-27,3,TEN @ NYG,TEN,Tyjae Spears,Receptions,2.5,0.0,0.4998,0.0,8.7,0.0,1.0,8.7,0.0,1.0,v5,
2026-09-27,3,TEN @ NYG,TEN,Calvin Ridley,Rec Yds,14.5,0.0,0.5504,0.0,12.340000000000002,0.0,1.0,12.340000000000002,0.0,1.0,v5,
2026-09-27,3,TEN @ NYG,NYG,Cam Skattebo,Rec Yds,11.5,40.0,0.5718,1.0,87.56,0.0,1.0,88.16000000000001,0.0,1.0,v5,
2026-09-27,3,TEN @ NYG,TEN,Elic Ayomanor,Rec Yds,13.5,11.0,0.5572,0.0,38.66,1.0,1.0,38.66,1.0,1.0,v5,
2026-09-27,3,TEN @ NYG,TEN,Gunnar Helm,Rec Yds,21.5,14.0,0.5252,0.0,38.92,1.0,1.0,59.56,1.0,1.0,v5,
2026-09-27,3,TEN @ NYG,NYG,Isaiah Likely,Rec Yds,39.5,13.0,0.5452,0.0,15.82,0.0,1.0,25.34,1.0,1.0,v5,
2026-09-27,3,TEN @ NYG,NYG,Malik Nabers,Rec Yds,52.5,26.0,0.5668,0.0,21.46,0.0,1.0,35.24,1.0,1.0,v5,
2026-09-27,3,TEN @ NYG,TEN,Tony Pollard,Rec Yds,6.5,22.0,0.5228,1.0,71.98,1.0,1.0,90.32,0.0,0.0,v5,
2026-09-27,3,TEN @ NYG,TEN,Tyjae Spears,Rec Yds,13.5,0.0,0.5118,0.0,12.2,0.0,1.0,12.2,0.0,1.0,v5,
2026-09-27,3,TEN @ NYG,NYG,Cam Skattebo,Rush+Rec Yds,73.5,100.0,0.552,1.0,65.88000000000001,1.0,1.0,88.56,0.0,1.0,v5,
2026-09-27,3,TEN @ NYG,TEN,Tony Pollard,Rush+Rec Yds,70.5,96.0,0.543,1.0,67.04,1.0,1.0,75.8,0.0,1.0,v5,
2026-09-27,3,TEN @ NYG,TEN,Tyjae Spears,Rush+Rec Yds,35.5,5.0,0.4998,0.0,4.1000000000000005,0.0,0.0,4.88,0.0,0.0,v5,
2026-09-27,3,TEN @ NYG,NYG,Jameis Winston,Rush Yds,5.5,15.0,0.5648,1.0,68.62,1.0,1.0,75.08,0.0,1.0,v5,
2026-09-27,3,TEN @ NYG,TEN,Tyjae Spears,Rush Yds,19.5,5.0,0.4966,0.0,14.78,0.0,1.0,17.28,0.0,1.0,v5,
2026-09-27,3,TEN @ NYG,NYG,Malik Nabers,Receptions,4.5,5.0,0.4998,1.0,55.6,1.0,1.0,77.02,1.0,1.0,v5,
2026-09-27,3,TEN @ NYG,NYG,Isaiah Likely,Receptions,3.5,2.0,0.5856,0.0,18.76,0.0,1.0,33.809999999999995,1.0,1.0,v5,
2026-09-27,3,TEN @ NYG,TEN,Cam Ward,Pass TDs,0.5,1.0,0.5856,1.0,45.72,1.0,1.0,58.9,1.0,1.0,v5,
2026-09-27,3,TEN @ NYG,NYG,Jameis Winston,Pass TDs,0.5,0.0,0.5498,0.0,22.51,1.0,1.0,22.51,1.0,1.0,v5,
2026-09-27,3,TEN @ NYG,NYG,Cam Skattebo,Receptions,1.5,3.0,0.6958,1.0,58.4,1.0,1.0,66.95,1.0,1.0,v5,
2026-09-27,3,TEN @ NYG,TEN,Carnell Tate,Receptions,3.5,6.0,0.5,1.0,82.46,0.0,1.0,92.33,0.0,1.0,v5,
2026-09-27,3,TEN @ NYG,TEN,Gunnar Helm,Receptions,2.5,2.0,0.7738,0.0,22.62,0.0,1.0,65.49000000000001,1.0,1.0,v5,
2026-09-27,3,TEN @ NYG,TEN,Tony Pollard,Receptions,1.5,4.0,0.5,1.0,87.07,0.0,1.0,97.49,0.0,0.0,v5,
2026-09-27,3,TEN @ NYG,TEN,Wan'Dale Robinson,Receptions,3.5,7.0,0.6504,1.0,76.35,1.0,1.0,92.94,0.0,0.0,v5,
2026-09-27,3,TEN @ NYG,TEN,Calvin Ridley,Rush+Rec Yds,16.5,0.0,0.5292,0.0,6.5200000000000005,0.0,1.0,6.5200000000000005,0.0,1.0,v5,
2026-09-27,3,TEN @ NYG,TEN,Carnell Tate,Rush+Rec Yds,38.5,58.0,0.4852,1.0,72.26,1.0,1.0,71.36,1.0,1.0,v5,
2026-09-27,3,TEN @ NYG,TEN,Elic Ayomanor,Rush+Rec Yds,16.5,11.0,0.5564,0.0,31.6,1.0,1.0,27.52,1.0,1.0,v5,
2026-09-27,3,TEN @ NYG,NYG,Malik Nabers,Rush+Rec Yds,53.5,26.0,0.5124,0.0,20.26,0.0,1.0,26.8,1.0,1.0,v5,
2026-09-27,3,TEN @ NYG,TEN,Wan'Dale Robinson,Rush+Rec Yds,33.5,57.0,0.486,1.0,80.97999999999999,0.0,1.0,75.58,0.0,1.0,v5,
2026-09-27,3,TEN @ NYG,NYG,Darnell Mooney,Rec Yds,17.5,20.0,0.5626,1.0,47.36,1.0,1.0,48.94,1.0,1.0,v5,
2026-09-27,3,TEN @ NYG,NYG,Darnell Mooney,Receptions,1.5,2.0,0.4998,1.0,62.24,1.0,1.0,55.63,1.0,1.0,v5,
2026-09-27,3,TEN @ NYG,NYG,Darnell Mooney,Rush+Rec Yds,16.5,29.0,0.5508,1.0,69.28,1.0,1.0,50.580000000000005,1.0,1.0,v5,
2026-09-27,3,TEN @ NYG,TEN,Chimere Dike,Receptions,0.5,1.0,0.4998,1.0,72.1,1.0,1.0,37.940000000000005,1.0,1.0,v5,
2026-09-27,3,TEN @ NYG,TEN,Chimere Dike,Rec Yds,9.5,3.0,0.0006,0.0,86.24000000000001,0.0,1.0,23.68,0.0,1.0,v5,
2026-09-27,3,TEN @ NYG,TEN,Daniel Bellinger,Rec Yds,4.5,16.0,0.5004,1.0,70.22,1.0,1.0,78.10000000000001,0.0,1.0,v5,
2026-09-27,3,TEN @ NYG,TEN,Daniel Bellinger,Receptions,1.5,2.0,0.5,1.0,63.53,1.0,1.0,84.88,0.0,1.0,v5,
2026-09-27,3,TEN @ NYG,NYG,Najee Harris,Rush Yds,16.5,52.0,0.5516,1.0,85.82,0.0,1.0,95.14,0.0,0.0,v5,
2026-09-27,3,TEN @ NYG,NYG,Tyrone Tracy Jr.,Rush Yds,29.5,3.0,0.5086,0.0,3.98,0.0,0.0,3.98,0.0,0.0,v5,
2026-09-27,3,NE @ JAX,NE,Drake Maye,Pass Yds,222.5,199.0,0.5248,0.0,36.96,1.0,1.0,43.98,1.0,1.0,v5,
2026-09-27,3,NE @ JAX,JAX,Trevor Lawrence,Pass Yds,228.5,182.0,0.514,0.0,27.58,1.0,1.0,26.96,1.0,1.0,v5,
2026-09-27,3,NE @ JAX,JAX,Bhayshul Tuten,Rush Yds,51.5,73.0,0.5256,1.0,64.96,1.0,1.0,93.34,0.0,0.0,v5,
2026-09-27,3,NE @ JAX,NE,Drake Maye,Rush Yds,26.5,18.0,0.5278,0.0,33.56,1.0,1.0,47.22,1.0,1.0,v5,
2026-09-27,3,NE @ JAX,JAX,Trevor Lawrence,Rush Yds,16.5,25.0,0.4976,1.0,63.75999999999999,1.0,1.0,69.86,1.0,1.0,v5,
2026-09-27,3,NE @ JAX,JAX,Brenton Strange,Rec Yds,30.5,32.0,0.543,1.0,47.4,1.0,1.0,65.42,1.0,1.0,v5,
2026-09-27,3,NE @ JAX,JAX,Brian Thomas Jr.,Rec Yds,33.5,8.0,0.534,0.0,13.900000000000002,0.0,1.0,15.52,0.0,1.0,v5,
2026-09-27,3,NE @ JAX,NE,Hunter Henry,Rec Yds,41.5,5.0,0.5208,0.0,9.34,0.0,0.0,10.44,0.0,1.0,v5,
2026-09-27,3,NE @ JAX,JAX,Parker Washington,Rec Yds,68.5,40.0,0.5126,0.0,27.52,1.0,1.0,44.38,1.0,1.0,v5,
2026-09-27,3,NE @ JAX,NE,Romeo Doubs,Rec Yds,42.5,49.0,0.5436,1.0,50.82,1.0,1.0,73.02,1.0,1.0,v5,
2026-09-27,3,NE @ JAX,JAX,Jakobi Meyers,Receptions,3.5,7.0,0.5,1.0,90.19,0.0,1.0,95.37,0.0,0.0,v5,
2026-09-27,3,NE @ JAX,JAX,Parker Washington,Receptions,5.5,3.0,0.4998,0.0,22.14,1.0,1.0,38.05,1.0,1.0,v5,
2026-09-27,3,NE @ JAX,JAX,Bhayshul Tuten,Rec Yds,10.5,17.0,0.4784,1.0,61.2,1.0,1.0,84.74000000000001,0.0,1.0,v5,
2026-09-27,3,NE @ JAX,JAX,Jakobi Meyers,Rec Yds,34.5,64.0,0.5656,1.0,71.44,1.0,1.0,81.58,0.0,1.0,v5,
2026-09-27,3,NE @ JAX,JAX,Bhayshul Tuten,Rush+Rec Yds,65.5,90.0,0.5346,1.0,65.28,1.0,1.0,95.1,0.0,0.0,v5,
2026-09-27,3,NE @ JAX,JAX,Chris Rodriguez Jr.,Rush+Rec Yds,24.5,37.0,0.5002,1.0,74.82,1.0,1.0,45.1,1.0,1.0,v5,
2026-09-27,3,NE @ JAX,JAX,Chris Rodriguez Jr.,Rush Yds,20.5,37.0,0.5444,1.0,78.52,0.0,1.0,54.78,1.0,1.0,v5,
2026-09-27,3,NE @ JAX,NE,Drake Maye,Pass TDs,1.5,0.0,0.4998,0.0,13.54,1.0,1.0,13.54,1.0,1.0,v5,
2026-09-27,3,NE @ JAX,JAX,Trevor Lawrence,Pass TDs,1.5,3.0,0.4998,1.0,74.89,1.0,1.0,88.31,0.0,1.0,v5,
2026-09-27,3,NE @ JAX,JAX,Bhayshul Tuten,Receptions,1.5,2.0,0.5,1.0,63.16,1.0,1.0,84.0,0.0,1.0,v5,
2026-09-27,3,NE @ JAX,JAX,Brenton Strange,Receptions,2.5,3.0,0.7044,1.0,39.78,1.0,1.0,61.650000000000006,1.0,1.0,v5,
2026-09-27,3,NE @ JAX,JAX,Brian Thomas Jr.,Receptions,2.5,1.0,0.6476,0.0,14.34,0.0,1.0,17.24,1.0,1.0,v5,
2026-09-27,3,NE @ JAX,JAX,Chris Rodriguez Jr.,Rec Yds,0.5,0.0,0.4432,0.0,28.18,1.0,1.0,28.18,1.0,1.0,v5,
2026-09-27,3,NE @ JAX,JAX,Chris Rodriguez Jr.,Receptions,0.5,0.0,0.4918,0.0,25.41,1.0,1.0,25.41,1.0,1.0,v5,
2026-09-27,3,NE @ JAX,NE,DeMario Douglas,Rec Yds,29.5,38.0,0.534,1.0,56.620000000000005,1.0,1.0,78.66,0.0,1.0,v5,
2026-09-27,3,NE @ JAX,NE,Mack Hollins,Rec Yds,34.5,87.0,0.5396,1.0,85.34,0.0,1.0,92.34,0.0,0.0,v5,
2026-09-27,3,NE @ JAX,NE,Rhamondre Stevenson,Rec Yds,14.5,16.0,0.487,1.0,53.84,1.0,1.0,58.26,1.0,1.0,v5,
2026-09-27,3,NE @ JAX,NE,TreVeyon Henderson,Rec Yds,9.5,6.0,0.3394,0.0,50.0,1.0,1.0,33.64,1.0,1.0,v5,
2026-09-27,3,NE @ JAX,NE,Rhamondre Stevenson,Rush+Rec Yds,54.5,38.0,0.5268,0.0,27.14,1.0,1.0,30.24,1.0,1.0,v5,
2026-09-27,3,NE @ JAX,NE,TreVeyon Henderson,Rush+Rec Yds,55.5,29.0,0.5308,0.0,14.56,0.0,1.0,10.78,0.0,1.0,v5,
2026-09-27,3,NE @ JAX,NE,Rhamondre Stevenson,Rush Yds,35.5,22.0,0.5534,0.0,24.2,0.0,1.0,29.1,1.0,1.0,v5,
2026-09-27,3,NE @ JAX,NE,TreVeyon Henderson,Rush Yds,42.5,23.0,0.5728,0.0,18.3,0.0,1.0,15.78,0.0,1.0,v5,
2026-09-27,3,NE @ JAX,NE,DeMario Douglas,Receptions,2.5,1.0,0.5656,0.0,18.94,0.0,1.0,30.33,1.0,1.0,v5,
2026-09-27,3,NE @ JAX,NE,Mack Hollins,Receptions,2.5,6.0,0.6456,1.0,82.24000000000001,0.0,1.0,92.1,0.0,1.0,v5,
2026-09-27,3,NE @ JAX,NE,Romeo Doubs,Receptions,3.5,3.0,0.4998,0.0,42.74,1.0,1.0,59.620000000000005,1.0,1.0,v5,
2026-09-27,3,NE @ JAX,JAX,Brian Thomas Jr.,Rush+Rec Yds,38.5,8.0,0.4996,0.0,11.04,0.0,1.0,11.04,0.0,1.0,v5,
2026-09-27,3,NE @ JAX,NE,DeMario Douglas,Rush+Rec Yds,27.5,38.0,0.4916,1.0,64.32,1.0,1.0,70.54,1.0,1.0,v5,
2026-09-27,3,NE @ JAX,JAX,Jakobi Meyers,Rush+Rec Yds,37.5,64.0,0.4998,1.0,76.92,0.0,1.0,75.82,0.0,1.0,v5,
2026-09-27,3,NE @ JAX,NE,Mack Hollins,Rush+Rec Yds,31.5,87.0,0.503,1.0,92.94,0.0,0.0,90.44,0.0,0.0,v5,
2026-09-27,3,NE @ JAX,JAX,Parker Washington,Rush+Rec Yds,61.5,40.0,0.5,0.0,29.7,1.0,1.0,34.760000000000005,1.0,1.0,v5,
2026-09-27,3,NE @ JAX,NE,Hunter Henry,Receptions,3.5,1.0,0.602,0.0,10.82,0.0,1.0,14.32,0.0,1.0,v5,
2026-09-27,3,NE @ JAX,NE,Rhamondre Stevenson,Receptions,2.5,3.0,0.5,1.0,58.4,1.0,1.0,68.17,1.0,1.0,v5,
2026-09-27,3,NE @ JAX,NE,TreVeyon Henderson,Receptions,1.5,1.0,0.5,0.0,34.81,1.0,1.0,26.08,1.0,1.0,v5,
2026-09-27,3,NE @ JAX,NE,Kyle Williams,Rec Yds,7.5,34.0,0.3382,1.0,98.42,0.0,0.0,83.02000000000001,0.0,1.0,v5,
2026-09-27,3,NE @ JAX,NE,Kyle Williams,Receptions,0.5,1.0,0.6866,1.0,40.67,1.0,1.0,47.93,1.0,1.0,v5,
2026-09-27,3,NE @ JAX,NE,Kyle Williams,Rush+Rec Yds,6.5,34.0,0.4966,1.0,97.02,0.0,0.0,77.02,0.0,1.0,v5,
2026-09-27,3,NE @ JAX,JAX,LeQuint Allen Jr.,Receptions,0.5,2.0,0.4998,1.0,89.31,0.0,1.0,88.38999999999999,0.0,1.0,v5,
2026-09-27,3,NE @ JAX,JAX,LeQuint Allen Jr.,Rec Yds,0.5,9.0,0.4616,1.0,53.84,1.0,1.0,76.78,0.0,1.0,v5,
2026-09-27,3,MIN @ TB,TB,Baker Mayfield,Pass Yds,216.5,217.0,0.5492,1.0,45.32,1.0,1.0,47.54,1.0,1.0,v5,
2026-09-27,3,MIN @ TB,TB,Emeka Egbuka,Rec Yds,49.5,62.0,0.5508,1.0,55.82,1.0,1.0,79.06,0.0,1.0,v5,
2026-09-27,3,MIN @ TB,MIN,Aaron Jones Sr.,Rush Yds,52.5,58.0,0.562,1.0,50.3,1.0,1.0,31.62,1.0,1.0,v5,
2026-09-27,3,MIN @ TB,TB,Bucky Irving,Rush Yds,57.5,46.0,0.5608,0.0,31.680000000000003,1.0,1.0,33.879999999999995,1.0,1.0,v5,
2026-09-27,3,MIN @ TB,TB,Baker Mayfield,Rush Yds,16.5,6.0,0.5386,0.0,22.42,0.0,1.0,26.32,1.0,1.0,v5,
2026-09-27,3,MIN @ TB,TB,Cade Otton,Rec Yds,27.5,56.0,0.5876,1.0,72.28,1.0,1.0,85.78,0.0,1.0,v5,
2026-09-27,3,MIN @ TB,TB,Chris Godwin Jr.,Rec Yds,35.5,25.0,0.5406,0.0,35.120000000000005,1.0,1.0,49.32,1.0,1.0,v5,
2026-09-27,3,MIN @ TB,MIN,Justin Jefferson,Rec Yds,75.5,32.0,0.5266,0.0,18.14,0.0,1.0,27.92,1.0,1.0,v5,
2026-09-27,3,MIN @ TB,MIN,T.J. Hockenson,Rec Yds,30.5,11.0,0.5406,0.0,23.3,0.0,1.0,33.7,1.0,1.0,v5,
2026-09-27,3,MIN @ TB,TB,Baker Mayfield,Pass TDs,1.5,1.0,0.4998,0.0,36.99,1.0,1.0,40.03,1.0,1.0,v5,
2026-09-27,3,MIN @ TB,MIN,Kyler Murray,Pass TDs,1.5,1.0,0.5,0.0,48.400000000000006,1.0,1.0,63.09,1.0,1.0,v5,
2026-09-27,3,MIN @ TB,MIN,Kyler Murray,Pass Yds,211.5,168.0,0.5522,0.0,25.98,1.0,1.0,39.62,1.0,1.0,v5,
2026-09-27,3,MIN @ TB,MIN,Aaron Jones Sr.,Receptions,1.5,5.0,0.6756,1.0,84.91000000000001,0.0,1.0,93.27,0.0,0.0,v5,
2026-09-27,3,MIN @ TB,TB,Cade Otton,Receptions,3.5,3.0,0.5,0.0,41.97,1.0,1.0,52.92,1.0,1.0,v5,
2026-09-27,3,MIN @ TB,TB,Chris Godwin Jr.,Receptions,3.5,3.0,0.5,0.0,39.57,1.0,1.0,61.370000000000005,1.0,1.0,v5,
2026-09-27,3,MIN @ TB,TB,Emeka Egbuka,Receptions,4.5,5.0,0.5,1.0,58.23,1.0,1.0,85.95,0.0,1.0,v5,
2026-09-27,3,MIN @ TB,MIN,Jauan Jennings,Receptions,1.5,1.0,0.5,0.0,35.13,1.0,1.0,23.69,1.0,1.0,v5,
2026-09-27,3,MIN @ TB,MIN,Jordan Addison,Receptions,3.5,5.0,0.5,1.0,68.4,1.0,1.0,93.16,0.0,0.0,v5,
2026-09-27,3,MIN @ TB,MIN,Aaron Jones Sr.,Rec Yds,12.5,34.0,0.5488,1.0,79.52,0.0,1.0,86.8,0.0,1.0,v5,
2026-09-27,3,MIN @ TB,TB,Bucky Irving,Rec Yds,15.5,12.0,0.5752,0.0,36.98,1.0,1.0,39.5,1.0,1.0,v5,
2026-09-27,3,MIN @ TB,MIN,Jauan Jennings,Rec Yds,14.5,1.0,0.5556,0.0,13.76,0.0,1.0,13.76,0.0,1.0,v5,
2026-09-27,3,MIN @ TB,MIN,Jordan Addison,Rec Yds,36.5,90.0,0.5356,1.0,79.14,0.0,1.0,96.28,0.0,0.0,v5,
2026-09-27,3,MIN @ TB,MIN,Aaron Jones Sr.,Rush+Rec Yds,70.5,92.0,0.5366,1.0,68.72,1.0,1.0,46.94,1.0,1.0,v5,
2026-09-27,3,MIN @ TB,TB,Bucky Irving,Rush+Rec Yds,77.5,58.0,0.5198,0.0,28.660000000000004,1.0,1.0,26.6,1.0,1.0,v5,
2026-09-27,3,MIN @ TB,MIN,Kyler Murray,Rush Yds,20.5,17.0,0.6016,0.0,31.840000000000003,1.0,1.0,12.08,0.0,1.0,v5,
2026-09-27,3,MIN @ TB,TB,Bucky Irving,Receptions,2.5,2.0,0.7074,0.0,24.04,1.0,1.0,40.3,1.0,1.0,v5,
2026-09-27,3,MIN @ TB,MIN,Justin Jefferson,Receptions,5.5,2.0,0.6078,0.0,8.959999999999999,0.0,1.0,17.349999999999998,0.0,1.0,v5,
2026-09-27,3,MIN @ TB,MIN,T.J. Hockenson,Receptions,3.5,2.0,0.4998,0.0,26.44,1.0,1.0,45.31,1.0,1.0,v5,
2026-09-27,3,MIN @ TB,MIN,Jordan Addison,Rush Yds,0.5,0.0,0.574,0.0,22.98,1.0,1.0,22.98,1.0,1.0,v5,
2026-09-27,3,MIN @ TB,MIN,Justin Jefferson,Rush Yds,0.5,0.0,0.5408,0.0,24.59,1.0,1.0,24.59,1.0,1.0,v5,
2026-09-27,3,MIN @ TB,MIN,Jordan Addison,Rush+Rec Yds,37.5,90.0,0.5004,1.0,87.86,0.0,1.0,94.42,0.0,0.0,v5,
2026-09-27,3,MIN @ TB,MIN,Justin Jefferson,Rush+Rec Yds,73.5,32.0,0.5106,0.0,17.32,0.0,1.0,22.56,0.0,1.0,v5,
2026-09-27,3,MIN @ TB,TB,Kenny Gainwell,Rec Yds,9.5,14.0,0.5696,1.0,56.52,1.0,1.0,43.04,1.0,1.0,v5,
2026-09-27,3,MIN @ TB,TB,Kenny Gainwell,Rush+Rec Yds,31.5,10.0,0.536,0.0,7.42,0.0,0.0,4.760000000000001,0.0,0.0,v5,
2026-09-27,3,MIN @ TB,TB,Kenny Gainwell,Rush Yds,18.5,-4.0,0.586,0.0,0.22,0.0,0.0,0.22,0.0,0.0,v5,
2026-09-27,3,MIN @ TB,TB,Kenny Gainwell,Receptions,1.5,2.0,0.7314,1.0,38.43,1.0,1.0,34.4,1.0,1.0,v5,
2026-09-27,3,MIN @ TB,TB,Jalen McMillan,Receptions,1.5,0.0,0.4998,0.0,10.82,0.0,1.0,10.82,0.0,1.0,v5,
2026-09-27,3,MIN @ TB,TB,Ted Hurst III,Receptions,2.5,1.0,0.5,0.0,19.76,1.0,1.0,21.33,1.0,1.0,v5,
2026-09-27,3,MIN @ TB,TB,Jalen McMillan,Rec Yds,13.5,0.0,0.5652,0.0,12.43,0.0,1.0,12.43,0.0,1.0,v5,
2026-09-27,3,MIN @ TB,TB,Ted Hurst III,Rec Yds,24.5,40.0,0.5678,1.0,63.9,1.0,1.0,69.16,1.0,1.0,v5,
2026-09-27,3,MIN @ TB,TB,Jalen McMillan,Rush+Rec Yds,13.5,0.0,0.4972,0.0,7.73,0.0,1.0,7.73,0.0,1.0,v5,
2026-09-27,3,MIN @ TB,TB,Ted Hurst III,Rush+Rec Yds,23.5,40.0,0.488,1.0,77.44,0.0,1.0,59.760000000000005,1.0,1.0,v5,
2026-09-27,3,ARI @ SF,SF,Brock Purdy,Pass Yds,235.5,297.0,0.5194,1.0,74.24,1.0,1.0,60.62,1.0,1.0,v5,
2026-09-27,3,ARI @ SF,SF,Brock Purdy,Rush Yds,16.5,35.0,0.5242,1.0,81.74,0.0,1.0,71.38,1.0,1.0,v5,
2026-09-27,3,ARI @ SF,ARI,Jacoby Brissett,Pass Yds,225.5,280.0,0.5412,1.0,72.98,1.0,1.0,63.6,1.0,1.0,v5,
2026-09-27,3,ARI @ SF,ARI,Trey McBride,Rec Yds,67.5,75.0,0.5534,1.0,53.2,1.0,1.0,35.86,1.0,1.0,v5,
2026-09-27,3,ARI @ SF,SF,Christian McCaffrey,Rush Yds,56.5,75.0,0.5392,1.0,68.66,1.0,1.0,36.6,1.0,1.0,v5,
2026-09-27,3,ARI @ SF,ARI,Jacoby Brissett,Rush Yds,7.5,4.0,0.412,0.0,45.3,1.0,1.0,37.0,1.0,1.0,v5,
2026-09-27,3,ARI @ SF,ARI,Jeremiyah Love,Rush Yds,41.5,90.0,0.5294,1.0,84.02,0.0,1.0,94.6,0.0,0.0,v5,
2026-09-27,3,ARI @ SF,SF,Christian McCaffrey,Rec Yds,38.5,41.0,0.5588,1.0,47.46,1.0,1.0,58.7,1.0,1.0,v5,
2026-09-27,3,ARI @ SF,SF,George Kittle,Rec Yds,46.5,82.0,0.5322,1.0,77.86,0.0,1.0,75.78,0.0,1.0,v5,
2026-09-27,3,ARI @ SF,ARI,Marvin Harrison Jr.,Rec Yds,32.5,40.0,0.5624,1.0,52.900000000000006,1.0,1.0,46.12,1.0,1.0,v5,
2026-09-27,3,ARI @ SF,SF,Mike Evans,Rec Yds,55.5,34.0,0.5242,0.0,28.72,1.0,1.0,38.46,1.0,1.0,v5,
2026-09-27,3,ARI @ SF,SF,Brock Purdy,Pass TDs,1.5,4.0,0.6478,1.0,75.66000000000001,1.0,1.0,90.12,0.0,1.0,v5,
2026-09-27,3,ARI @ SF,ARI,Jacoby Brissett,Pass TDs,1.5,2.0,0.4998,1.0,59.81999999999999,1.0,1.0,70.34,1.0,1.0,v5,
2026-09-27,3,ARI @ SF,ARI,Jeremiyah Love,Rec Yds,14.5,19.0,0.502,1.0,63.52,1.0,1.0,39.36,1.0,1.0,v5,
2026-09-27,3,ARI @ SF,ARI,Jeremiyah Love,Rush+Rec Yds,59.5,109.0,0.4998,1.0,89.78,0.0,1.0,88.84,0.0,1.0,v5,
2026-09-27,3,ARI @ SF,ARI,Jeremiyah Love,Receptions,2.5,5.0,0.4998,1.0,91.82,0.0,1.0,73.98,1.0,1.0,v5,
2026-09-27,3,ARI @ SF,SF,Christian McCaffrey,Receptions,4.5,4.0,0.66,0.0,28.28,1.0,1.0,42.08,1.0,1.0,v5,
2026-09-27,3,ARI @ SF,ARI,Kendrick Bourne,Rec Yds,23.5,22.0,0.5428,0.0,42.88,1.0,1.0,33.52,1.0,1.0,v5,
2026-09-27,3,ARI @ SF,SF,Christian McCaffrey,Rush+Rec Yds,100.5,116.0,0.538,1.0,59.98,1.0,1.0,38.6,1.0,1.0,v5,
2026-09-27,3,ARI @ SF,ARI,Kendrick Bourne,Receptions,2.5,2.0,0.4998,0.0,38.06,1.0,1.0,28.78,1.0,1.0,v5,
2026-09-27,3,ARI @ SF,ARI,Marvin Harrison Jr.,Receptions,2.5,3.0,0.4998,1.0,62.36999999999999,1.0,1.0,43.17999999999999,1.0,1.0,v5,
2026-09-27,3,ARI @ SF,ARI,Trey McBride,Receptions,7.5,9.0,0.5,1.0,68.23,1.0,1.0,44.86,1.0,1.0,v5,
2026-09-27,3,ARI @ SF,ARI,Kendrick Bourne,Rush+Rec Yds,26.5,22.0,0.5212,0.0,40.2,1.0,1.0,26.78,1.0,1.0,v5,
2026-09-27,3,ARI @ SF,ARI,Marvin Harrison Jr.,Rush+Rec Yds,26.5,40.0,0.5018,1.0,73.2,1.0,1.0,39.48,1.0,1.0,v5,
2026-09-27,3,ARI @ SF,SF,George Kittle,Receptions,4.5,6.0,0.4998,1.0,70.17999999999999,1.0,1.0,72.28,1.0,1.0,v5,
2026-09-27,3,ARI @ SF,SF,Mike Evans,Receptions,4.5,3.0,0.5,0.0,26.040000000000003,1.0,1.0,41.38,1.0,1.0,v5,
2026-09-27,3,ARI @ SF,SF,Mike Evans,Rush+Rec Yds,57.5,34.0,0.499,0.0,27.48,1.0,1.0,31.680000000000003,1.0,1.0,v5,
2026-09-27,3,ARI @ SF,SF,Deebo Samuel Sr.,Receptions,3.5,0.0,0.6452,0.0,1.2,0.0,0.0,1.2,0.0,0.0,v5,
2026-09-27,3,ARI @ SF,SF,Deebo Samuel Sr.,Rec Yds,40.5,0.0,0.537,0.0,1.3,0.0,0.0,1.3,0.0,0.0,v5,
2026-09-27,3,ARI @ SF,ARI,Tyler Allgeier,Rush Yds,33.5,-1.0,0.5434,0.0,1.5,0.0,0.0,0.8999999999999999,0.0,0.0,v5,
2026-09-27,3,ARI @ SF,ARI,Tyler Allgeier,Receptions,1.5,4.0,0.4998,1.0,93.17,0.0,1.0,87.99,0.0,1.0,v5,
2026-09-27,3,ARI @ SF,ARI,Tyler Allgeier,Rec Yds,7.5,10.0,0.3726,1.0,72.74000000000001,1.0,1.0,46.82,1.0,1.0,v5,
2026-09-27,3,ARI @ SF,ARI,Tyler Allgeier,Rush+Rec Yds,45.5,9.0,0.547,0.0,5.74,0.0,0.0,7.84,0.0,0.0,v5,
2026-09-27,3,ARI @ SF,SF,Kyle Juszczyk,Rec Yds,8.5,0.0,0.4584,0.0,16.52,1.0,1.0,16.52,1.0,1.0,v5,
2026-09-27,3,ARI @ SF,SF,Kyle Juszczyk,Rush+Rec Yds,9.5,0.0,0.5368,0.0,9.92,0.0,1.0,9.92,0.0,1.0,v5,
2026-09-27,3,ARI @ SF,SF,Kyle Juszczyk,Receptions,1.5,0.0,0.4998,0.0,14.46,1.0,1.0,14.46,1.0,1.0,v5,
2026-09-27,3,ARI @ SF,SF,Jacob Cowing,Rec Yds,29.5,0.0,0.4386,0.0,27.950000000000003,1.0,1.0,27.950000000000003,1.0,1.0,v5,
2026-09-27,3,ARI @ SF,SF,Deebo Samuel Sr.,Rush+Rec Yds,47.5,14.0,0.4998,0.0,8.12,0.0,0.0,6.12,0.0,0.0,v5,
2026-09-27,3,ARI @ SF,SF,Deebo Samuel Sr.,Rush Yds,3.5,14.0,0.4804,1.0,86.22,0.0,1.0,76.0,0.0,1.0,v5,
2026-09-27,3,BAL @ DAL,DAL,Dak Prescott,Pass Yds,261.5,276.0,0.538,1.0,53.1,1.0,1.0,53.18000000000001,1.0,1.0,v5,
2026-09-27,3,BAL @ DAL,BAL,Lamar Jackson,Pass Yds,239.5,186.0,0.5114,0.0,28.76,1.0,1.0,40.28,1.0,1.0,v5,
2026-09-27,3,BAL @ DAL,DAL,CeeDee Lamb,Rec Yds,82.5,112.0,0.531,1.0,65.52,1.0,1.0,81.47999999999999,0.0,1.0,v5,
2026-09-27,3,BAL @ DAL,DAL,George Pickens,Rec Yds,64.5,82.0,0.5382,1.0,60.040000000000006,1.0,1.0,62.32,1.0,1.0,v5,
2026-09-27,3,BAL @ DAL,BAL,Derrick Henry,Rush Yds,90.5,89.0,0.534,0.0,45.92,1.0,1.0,49.46,1.0,1.0,v5,
2026-09-27,3,BAL @ DAL,DAL,Javonte Williams,Rush Yds,54.5,98.0,0.549,1.0,82.08,0.0,1.0,87.24,0.0,1.0,v5,
2026-09-27,3,BAL @ DAL,DAL,Dak Prescott,Rush Yds,12.5,19.0,0.4408,1.0,68.94,1.0,1.0,74.96000000000001,1.0,1.0,v5,
2026-09-27,3,BAL @ DAL,BAL,Lamar Jackson,Rush Yds,40.5,50.0,0.5368,1.0,53.64,1.0,1.0,83.5,0.0,1.0,v5,
2026-09-27,3,BAL @ DAL,BAL,Derrick Henry,Rec Yds,10.5,0.0,0.4586,0.0,21.68,1.0,1.0,21.68,1.0,1.0,v5,
2026-09-27,3,BAL @ DAL,DAL,Jake Ferguson,Rec Yds,27.5,23.0,0.5502,0.0,38.04,1.0,1.0,47.24,1.0,1.0,v5,
2026-09-27,3,BAL @ DAL,DAL,Javonte Williams,Rec Yds,14.5,5.0,0.4866,0.0,23.48,0.0,1.0,26.18,1.0,1.0,v5,
2026-09-27,3,BAL @ DAL,DAL,Dak Prescott,Pass TDs,1.5,1.0,0.6488,0.0,27.44,1.0,1.0,34.23,1.0,1.0,v5,
2026-09-27,3,BAL @ DAL,BAL,Lamar Jackson,Pass TDs,1.5,2.0,0.7262,1.0,38.7,1.0,1.0,69.69,1.0,1.0,v5,
2026-09-27,3,BAL @ DAL,DAL,CeeDee Lamb,Receptions,6.5,7.0,0.5,1.0,55.25,1.0,1.0,70.13,1.0,1.0,v5,
2026-09-27,3,BAL @ DAL,BAL,Derrick Henry,Receptions,1.5,1.0,0.5,0.0,42.92,1.0,1.0,53.13,1.0,1.0,v5,
2026-09-27,3,BAL @ DAL,DAL,George Pickens,Receptions,5.5,7.0,0.4998,1.0,69.46,1.0,1.0,80.37,0.0,1.0,v5,
2026-09-27,3,BAL @ DAL,DAL,Jake Ferguson,Receptions,3.5,3.0,0.6196,0.0,29.39,1.0,1.0,47.57,1.0,1.0,v5,
2026-09-27,3,BAL @ DAL,DAL,Javonte Williams,Receptions,2.5,2.0,0.7004,0.0,24.26,1.0,1.0,41.76,1.0,1.0,v5,
2026-09-27,3,BAL @ DAL,BAL,Mark Andrews,Rec Yds,39.5,24.0,0.553,0.0,29.2,1.0,1.0,50.3,1.0,1.0,v5,
2026-09-27,3,BAL @ DAL,BAL,Rashod Bateman,Rec Yds,46.5,37.0,0.5222,0.0,41.98,1.0,1.0,79.52,0.0,1.0,v5,
2026-09-27,3,BAL @ DAL,BAL,Derrick Henry,Rush+Rec Yds,105.5,89.0,0.5304,0.0,34.94,1.0,1.0,41.48,1.0,1.0,v5,
2026-09-27,3,BAL @ DAL,DAL,Javonte Williams,Rush+Rec Yds,74.5,103.0,0.5322,1.0,71.94,1.0,1.0,79.5,0.0,1.0,v5,
2026-09-27,3,BAL @ DAL,DAL,CeeDee Lamb,Rush Yds,0.5,0.0,0.5282,0.0,25.05,1.0,1.0,25.05,1.0,1.0,v5,
2026-09-27,3,BAL @ DAL,BAL,Mark Andrews,Receptions,4.5,3.0,0.4998,0.0,35.27,1.0,1.0,59.31999999999999,1.0,1.0,v5,
2026-09-27,3,BAL @ DAL,BAL,Rashod Bateman,Receptions,3.5,2.0,0.5,0.0,24.8,0.0,1.0,67.64,1.0,1.0,v5,
2026-09-27,3,BAL @ DAL,DAL,CeeDee Lamb,Rush+Rec Yds,80.5,112.0,0.5002,1.0,70.66,1.0,1.0,77.62,0.0,1.0,v5,
2026-09-27,3,BAL @ DAL,DAL,George Pickens,Rush+Rec Yds,63.5,82.0,0.4998,1.0,65.78,1.0,1.0,57.2,1.0,1.0,v5,
2026-09-27,3,BAL @ DAL,BAL,Zay Flowers,Receptions,5.5,5.0,0.4998,0.0,44.96,1.0,1.0,66.74,1.0,1.0,v5,
2026-09-27,3,BAL @ DAL,BAL,Zay Flowers,Rec Yds,59.5,84.0,0.5504,1.0,62.08,1.0,1.0,79.0,0.0,1.0,v5,
2026-09-27,3,BAL @ DAL,DAL,Ryan Flournoy,Rec Yds,29.5,22.0,0.5236,0.0,34.38,1.0,1.0,32.96,1.0,1.0,v5,
2026-09-27,3,BAL @ DAL,DAL,Ryan Flournoy,Receptions,3.5,2.0,0.4998,0.0,25.5,1.0,1.0,29.5,1.0,1.0,v5,
2026-09-27,3,BAL @ DAL,DAL,Ryan Flournoy,Rush+Rec Yds,29.5,22.0,0.5002,0.0,35.3,1.0,1.0,24.32,0.0,1.0,v5,
2026-09-27,3,BAL @ DAL,BAL,Zay Flowers,Rush+Rec Yds,67.5,104.0,0.5478,1.0,69.08,1.0,1.0,84.98,0.0,1.0,v5,
2026-09-27,3,BAL @ DAL,BAL,Justice Hill,Rec Yds,13.5,0.0,0.5296,0.0,14.61,1.0,1.0,14.61,1.0,1.0,v5,
2026-09-27,3,BAL @ DAL,BAL,Justice Hill,Rush+Rec Yds,31.5,33.0,0.5002,1.0,52.06,1.0,1.0,68.67999999999999,1.0,1.0,v5,
2026-09-27,3,BAL @ DAL,BAL,Justice Hill,Rush Yds,13.5,33.0,0.4862,1.0,80.25999999999999,0.0,1.0,89.0,0.0,1.0,v5,
2026-09-27,3,BAL @ DAL,BAL,Justice Hill,Receptions,2.5,0.0,0.5,0.0,10.94,0.0,1.0,10.94,0.0,1.0,v5,
2026-09-27,3,BAL @ DAL,BAL,Chris Moore,Receptions,1.5,1.0,0.5,0.0,39.14,1.0,1.0,43.93,1.0,1.0,v5,
2026-09-27,3,BAL @ DAL,BAL,Chris Moore,Rec Yds,17.5,4.0,0.4422,0.0,31.98,1.0,1.0,31.98,1.0,1.0,v5,
2026-09-27,3,BAL @ DAL,BAL,Rashod Bateman,Rush+Rec Yds,45.5,37.0,0.4996,0.0,42.44,1.0,1.0,70.0,1.0,1.0,v5,
2026-09-27,3,BAL @ DAL,BAL,Devontez Walker,Receptions,1.5,0.0,0.4998,0.0,21.46,1.0,1.0,21.46,1.0,1.0,v5,
2026-09-27,3,BAL @ DAL,BAL,Devontez Walker,Rec Yds,14.5,0.0,0.5054,0.0,22.92,1.0,1.0,22.92,1.0,1.0,v5,
2026-09-27,3,LV @ NO,LV,Kirk Cousins,Pass Yds,211.5,248.0,0.5684,1.0,60.8,1.0,1.0,68.36,1.0,1.0,v5,
2026-09-27,3,LV @ NO,NO,Tyler Shough,Pass Yds,252.5,255.0,0.5452,1.0,46.52,1.0,1.0,48.92,1.0,1.0,v5,
2026-09-27,3,LV @ NO,NO,Chris Olave,Rec Yds,76.5,107.0,0.5584,1.0,65.64,1.0,1.0,75.02,0.0,1.0,v5,
2026-09-27,3,LV @ NO,LV,Ashton Jeanty,Rush Yds,68.5,56.0,0.5558,0.0,33.96,1.0,1.0,59.81999999999999,1.0,1.0,v5,
2026-09-27,3,LV @ NO,LV,Kirk Cousins,Rush Yds,1.5,5.0,0.47,1.0,53.0,1.0,1.0,72.5,1.0,1.0,v5,
2026-09-27,3,LV @ NO,NO,Tyler Shough,Rush Yds,14.5,36.0,0.5758,1.0,84.26,0.0,1.0,65.36,1.0,1.0,v5,
2026-09-27,3,LV @ NO,LV,Ashton Jeanty,Rec Yds,22.5,37.0,0.5916,1.0,59.78,1.0,1.0,82.36,0.0,1.0,v5,
2026-09-27,3,LV @ NO,NO,Devaughn Vele,Rec Yds,48.5,39.0,0.5602,0.0,34.84,1.0,1.0,48.82,1.0,1.0,v5,
2026-09-27,3,LV @ NO,LV,Kirk Cousins,Pass TDs,1.5,3.0,0.5,1.0,75.27000000000001,1.0,1.0,89.14,0.0,1.0,v5,
2026-09-27,3,LV @ NO,NO,Tyler Shough,Pass TDs,1.5,4.0,0.5,1.0,88.77000000000001,0.0,1.0,96.72,0.0,0.0,v5,
2026-09-27,3,LV @ NO,LV,Ashton Jeanty,Rush+Rec Yds,96.5,93.0,0.5242,0.0,44.48,1.0,1.0,71.41999999999999,1.0,1.0,v5,
2026-09-27,3,LV @ NO,LV,Jalen Nailor,Rush+Rec Yds,17.5,16.0,0.5386,0.0,43.26,1.0,1.0,40.44,1.0,1.0,v5,
2026-09-27,3,LV @ NO,LV,Tre Tucker,Rush+Rec Yds,39.5,43.0,0.497,1.0,54.14,1.0,1.0,61.68,1.0,1.0,v5,
2026-09-27,3,LV @ NO,LV,Cody White,Rush+Rec Yds,0.5,4.0,0.5,1.0,98.94,0.0,0.0,33.54,1.0,1.0,v5,
2026-09-27,3,LV @ NO,LV,Tre Tucker,Rec Yds,42.5,43.0,0.5444,1.0,45.56,1.0,1.0,68.28,1.0,1.0,v5,
2026-09-27,3,LV @ NO,LV,Ashton Jeanty,Receptions,3.5,3.0,0.585,0.0,32.52,1.0,1.0,53.84,1.0,1.0,v5,
2026-09-27,3,LV @ NO,NO,Juwan Johnson,Receptions,3.5,8.0,0.4998,1.0,95.11,0.0,0.0,95.87,0.0,0.0,v5,
2026-09-27,3,LV @ NO,NO,Juwan Johnson,Rec Yds,35.5,53.0,0.5558,1.0,64.94,1.0,1.0,71.8,1.0,1.0,v5,
2026-09-27,3,LV @ NO,LV,Tre Tucker,Receptions,3.5,4.0,0.6896,1.0,40.52,1.0,1.0,79.25,1.0,1.0,v5,
2026-09-27,3,LV @ NO,NO,Chris Olave,Receptions,6.5,9.0,0.5,1.0,76.68,1.0,1.0,83.8,0.0,1.0,v5,
2026-09-27,3,LV @ NO,NO,Devaughn Vele,Receptions,4.5,3.0,0.4998,0.0,26.56,1.0,1.0,42.33,1.0,1.0,v5,
2026-09-27,3,LV @ NO,NO,Chris Olave,Rush+Rec Yds,77.5,107.0,0.5514,1.0,66.84,1.0,1.0,69.58,1.0,1.0,v5,
2026-09-27,3,LV @ NO,NO,Devaughn Vele,Rush+Rec Yds,45.5,39.0,0.4992,0.0,42.32,1.0,1.0,41.68,1.0,1.0,v5,
2026-09-27,3,LV @ NO,LV,Brock Bowers,Rec Yds,46.5,116.0,0.5504,1.0,87.4,0.0,1.0,97.78,0.0,0.0,v5,
2026-09-27,3,LV @ NO,LV,Brock Bowers,Receptions,4.5,10.0,0.4998,1.0,95.05,0.0,0.0,98.65,0.0,0.0,v5,
2026-09-27,3,LV @ NO,LV,Jalen Nailor,Rec Yds,24.5,16.0,0.5584,0.0,35.7,1.0,1.0,51.9,1.0,1.0,v5,
2026-09-27,3,LV @ NO,NO,Noah Fant,Rec Yds,12.5,33.0,0.6182,1.0,71.76,1.0,1.0,78.56,0.0,1.0,v5,
2026-09-27,3,LV @ NO,LV,Jalen Nailor,Receptions,2.5,1.0,0.4998,0.0,23.880000000000003,0.0,1.0,39.88,1.0,1.0,v5,
2026-09-27,3,LV @ NO,NO,Noah Fant,Receptions,1.5,4.0,0.5,1.0,93.2,0.0,0.0,88.46,0.0,1.0,v5,
2026-09-27,3,LV @ NO,NO,Alvin Kamara,Receptions,2.5,1.0,0.6688,0.0,11.75,0.0,1.0,13.4,0.0,1.0,v5,
2026-09-27,3,LV @ NO,NO,Alvin Kamara,Rec Yds,13.5,5.0,0.5522,0.0,20.56,0.0,1.0,17.7,0.0,1.0,v5,
2026-09-27,3,LV @ NO,NO,Travis Etienne Jr.,Rec Yds,10.5,13.0,0.5336,1.0,53.52,1.0,1.0,46.64,1.0,1.0,v5,
2026-09-27,3,LV @ NO,NO,Alvin Kamara,Rush+Rec Yds,43.5,41.0,0.5334,0.0,43.2,1.0,1.0,29.84,1.0,1.0,v5,
2026-09-27,3,LV @ NO,NO,Travis Etienne Jr.,Rush+Rec Yds,52.5,70.0,0.5448,1.0,66.75999999999999,1.0,1.0,57.99999999999999,1.0,1.0,v5,
2026-09-27,3,LV @ NO,NO,Alvin Kamara,Rush Yds,27.5,36.0,0.5642,1.0,57.18,1.0,1.0,53.68000000000001,1.0,1.0,v5,
2026-09-27,3,LV @ NO,NO,Travis Etienne Jr.,Rush Yds,38.5,57.0,0.5772,1.0,66.32000000000001,1.0,1.0,67.06,1.0,1.0,v5,
2026-09-27,3,LV @ NO,NO,Travis Etienne Jr.,Receptions,1.5,2.0,0.4998,1.0,65.19,1.0,1.0,44.190000000000005,1.0,1.0,v5,
2026-09-27,3,LV @ NO,LV,Michael Mayer,Rec Yds,21.5,32.0,0.5502,1.0,59.5,1.0,1.0,69.66,1.0,1.0,v5,
2026-09-27,3,LV @ NO,LV,Michael Mayer,Receptions,2.5,3.0,0.5,1.0,59.23,1.0,1.0,62.21,1.0,1.0,v5,
2026-09-27,3,LA @ DEN,DEN,Bo Nix,Pass Yds,211.5,186.0,0.57,0.0,29.38,1.0,1.0,23.26,0.0,1.0,v5,
2026-09-27,3,LA @ DEN,DEN,Jaylen Waddle,Rec Yds,59.5,10.0,0.5486,0.0,7.48,0.0,0.0,8.88,0.0,0.0,v5,
2026-09-27,3,LA @ DEN,DEN,J.K. Dobbins,Rush Yds,50.5,49.0,0.5442,0.0,43.02,1.0,1.0,52.94,1.0,1.0,v5,
2026-09-27,3,LA @ DEN,DEN,Courtland Sutton,Rec Yds,36.5,46.0,0.5762,1.0,52.22,1.0,1.0,61.24000000000001,1.0,1.0,v5,
2026-09-27,3,LA @ DEN,LA,Matthew Stafford,Pass Yds,242.5,390.0,0.529,1.0,93.64,0.0,0.0,94.2,0.0,0.0,v5,
2026-09-27,3,LA @ DEN,LA,Kyren Williams,Rush Yds,54.5,88.0,0.5592,1.0,74.72,1.0,1.0,82.92,0.0,1.0,v5,
2026-09-27,3,LA @ DEN,DEN,Bo Nix,Pass TDs,1.5,2.0,0.4998,1.0,59.92999999999999,1.0,1.0,67.23,1.0,1.0,v5,
2026-09-27,3,LA @ DEN,LA,Matthew Stafford,Pass TDs,1.5,2.0,0.4998,1.0,61.73,1.0,1.0,61.34,1.0,1.0,v5,
2026-09-27,3,LA @ DEN,DEN,Jaylen Waddle,Receptions,4.5,2.0,0.6034,0.0,11.31,0.0,1.0,19.18,1.0,1.0,v5,
2026-09-27,3,LA @ DEN,LA,Blake Corum,Rush Yds,46.5,15.0,0.555,0.0,9.76,0.0,0.0,17.119999999999997,0.0,1.0,v5,
2026-09-27,3,LA @ DEN,DEN,Bo Nix,Rush Yds,16.5,7.0,0.5658,0.0,18.98,0.0,1.0,14.66,0.0,1.0,v5,
2026-09-27,3,LA @ DEN,LA,Matthew Stafford,Rush Yds,0.5,13.0,0.5434,1.0,75.48,0.0,1.0,84.89999999999999,0.0,1.0,v5,
2026-09-27,3,LA @ DEN,LA,Kyren Williams,Rec Yds,12.5,70.0,0.5904,1.0,97.5,0.0,0.0,98.82,0.0,0.0,v5,
2026-09-27,3,LA @ DEN,LA,Kyren Williams,Rush+Rec Yds,70.5,158.0,0.525,1.0,96.14,0.0,0.0,96.96,0.0,0.0,v5,
2026-09-27,3,LA @ DEN,LA,Blake Corum,Rec Yds,0.5,0.0,0.6332,0.0,18.81,1.0,1.0,18.81,1.0,1.0,v5,
2026-09-27,3,LA @ DEN,DEN,Courtland Sutton,Receptions,3.5,3.0,0.5,0.0,41.42,1.0,1.0,50.86000000000001,1.0,1.0,v5,
2026-09-27,3,LA @ DEN,DEN,Evan Engram,Rec Yds,21.5,0.0,0.5752,0.0,7.28,0.0,1.0,7.28,0.0,1.0,v5,
2026-09-27,3,LA @ DEN,DEN,Pat Bryant,Rec Yds,24.5,44.0,0.5532,1.0,66.56,1.0,1.0,78.60000000000001,0.0,1.0,v5,
2026-09-27,3,LA @ DEN,LA,Blake Corum,Rush+Rec Yds,48.5,15.0,0.513,0.0,8.36,0.0,0.0,9.46,0.0,0.0,v5,
2026-09-27,3,LA @ DEN,DEN,Evan Engram,Receptions,2.5,0.0,0.673,0.0,5.2,0.0,1.0,5.2,0.0,1.0,v5,
2026-09-27,3,LA @ DEN,LA,Blake Corum,Receptions,0.5,2.0,0.5,1.0,94.89,0.0,0.0,76.47999999999999,1.0,1.0,v5,
2026-09-27,3,LA @ DEN,LA,Kyren Williams,Receptions,2.5,6.0,0.4998,1.0,93.87,0.0,0.0,96.44,0.0,0.0,v5,
2026-09-27,3,LA @ DEN,DEN,Pat Bryant,Receptions,2.5,2.0,0.5,0.0,40.56,1.0,1.0,51.24999999999999,1.0,1.0,v5,
2026-09-27,3,LA @ DEN,DEN,Courtland Sutton,Rush+Rec Yds,37.5,46.0,0.4996,1.0,60.36,1.0,1.0,54.24,1.0,1.0,v5,
2026-09-27,3,LA @ DEN,DEN,Jaylen Waddle,Rush+Rec Yds,58.5,24.0,0.5494,0.0,14.66,0.0,1.0,16.580000000000002,0.0,1.0,v5,
2026-09-27,3,LA @ DEN,DEN,Pat Bryant,Rush+Rec Yds,28.5,44.0,0.5144,1.0,66.88,1.0,1.0,73.22,1.0,1.0,v5,
2026-09-27,3,LA @ DEN,DEN,Pat Bryant,Rush Yds,0.5,0.0,0.4312,0.0,29.770000000000003,1.0,1.0,29.770000000000003,1.0,1.0,v5,
2026-09-27,3,LA @ DEN,DEN,Jaylen Waddle,Rush Yds,0.5,14.0,0.471,1.0,99.52,0.0,0.0,84.39999999999999,0.0,1.0,v5,
2026-09-27,3,LA @ DEN,LA,Terrance Ferguson,Receptions,3.5,1.0,0.6746,0.0,10.7,0.0,1.0,21.62,1.0,1.0,v5,
2026-09-27,3,LA @ DEN,LA,Davante Adams,Rec Yds,71.5,137.0,0.5666,1.0,83.26,0.0,1.0,91.9,0.0,0.0,v5,
2026-09-27,3,LA @ DEN,LA,Terrance Ferguson,Rec Yds,50.5,9.0,0.5562,0.0,15.64,0.0,1.0,25.62,1.0,1.0,v5,
2026-09-27,3,LA @ DEN,LA,Davante Adams,Rush+Rec Yds,70.5,137.0,0.5622,1.0,86.42,0.0,1.0,89.34,0.0,1.0,v5,
2026-09-27,3,LA @ DEN,LA,Davante Adams,Receptions,5.5,7.0,0.5,1.0,68.28,1.0,1.0,73.36,1.0,1.0,v5,
2026-09-27,3,LA @ DEN,LA,Colby Parkinson,Rec Yds,18.5,0.0,0.5358,0.0,4.02,0.0,0.0,4.02,0.0,0.0,v5,
2026-09-27,3,LA @ DEN,LA,Colby Parkinson,Receptions,2.5,0.0,0.6608,0.0,2.87,0.0,0.0,2.87,0.0,0.0,v5,
2026-09-27,3,LA @ DEN,DEN,RJ Harvey,Rec Yds,17.5,41.0,0.5926,1.0,73.86,1.0,1.0,89.2,0.0,1.0,v5,
2026-09-27,3,LA @ DEN,DEN,J.K. Dobbins,Rush+Rec Yds,56.5,53.0,0.5034,0.0,46.1,1.0,1.0,49.6,1.0,1.0,v5,
2026-09-27,3,LA @ DEN,DEN,RJ Harvey,Rush+Rec Yds,41.5,47.0,0.5458,1.0,53.66,1.0,1.0,54.34,1.0,1.0,v5,
2026-09-27,3,LA @ DEN,DEN,RJ Harvey,Rush Yds,19.5,6.0,0.5938,0.0,11.56,0.0,1.0,11.56,0.0,1.0,v5,
2026-09-27,3,LA @ DEN,DEN,J.K. Dobbins,Receptions,0.5,1.0,0.5,1.0,66.86999999999999,1.0,1.0,59.72,1.0,1.0,v5,
2026-09-27,3,LA @ DEN,DEN,RJ Harvey,Receptions,2.5,6.0,0.665,1.0,78.24,0.0,1.0,96.0,0.0,0.0,v5,
2026-09-27,3,LA @ DEN,DEN,J.K. Dobbins,Rec Yds,0.5,4.0,0.525,1.0,49.56,1.0,1.0,58.14,1.0,1.0,v5,
2026-09-27,3,LA @ DEN,DEN,Nate Adkins,Rec Yds,0.5,8.0,0.517,1.0,99.82,0.0,0.0,56.940000000000005,1.0,1.0,v5,
2026-09-27,3,LA @ DEN,DEN,Troy Franklin,Rec Yds,5.5,21.0,0.5148,1.0,95.34,0.0,0.0,53.26,1.0,1.0,v5,
2026-09-27,3,LA @ DEN,LA,Konata Mumpfield,Rec Yds,39.5,93.0,0.4896,1.0,79.88,0.0,1.0,99.44,0.0,0.0,v5,
2026-09-27,3,LA @ DEN,DEN,Troy Franklin,Receptions,1.5,1.0,0.4998,0.0,34.78,1.0,1.0,26.93,1.0,1.0,v5,
2026-09-28,3,PHI @ CHI,PHI,Jalen Hurts,Pass Yds,218.5,153.0,0.5274,0.0,18.4,0.0,1.0,24.099999999999998,0.0,1.0,v5 (published),0.5012
2026-09-28,3,PHI @ CHI,CHI,Colston Loveland,Rec Yds,33.5,31.0,0.537,0.0,43.36,1.0,1.0,47.72,1.0,1.0,v5 (published),0.5058
2026-09-28,3,PHI @ CHI,PHI,DeVonta Smith,Rec Yds,72.5,65.0,0.5586,0.0,39.160000000000004,1.0,1.0,51.04,1.0,1.0,v5 (published),0.5196
2026-09-28,3,PHI @ CHI,CHI,Kalif Raymond,Rec Yds,23.5,90.0,0.5324,1.0,94.22,0.0,0.0,94.76,0.0,0.0,v5 (published),0.4936
2026-09-28,3,PHI @ CHI,CHI,Luther Burden III,Rec Yds,37.5,61.0,0.527,1.0,69.26,1.0,1.0,73.44000000000001,1.0,1.0,v5 (published),0.4992
2026-09-28,3,PHI @ CHI,CHI,Rome Odunze,Rec Yds,25.5,44.0,0.5618,1.0,69.98,1.0,1.0,55.059999999999995,1.0,1.0,v5 (published),0.5054
2026-09-28,3,PHI @ CHI,CHI,Kyle Monangai,Rush Yds,39.5,31.0,0.5674,0.0,31.7,1.0,1.0,31.7,1.0,1.0,v5 (published),0.5088
2026-09-28,3,PHI @ CHI,CHI,Rome Odunze,Receptions,2.5,3.0,0.4998,1.0,59.74999999999999,1.0,1.0,49.65,1.0,1.0,v5 (published),0.45
2026-09-28,3,PHI @ CHI,CHI,D'Andre Swift,Rush Yds,60.5,84.0,0.5598,1.0,66.56,1.0,1.0,75.96000000000001,0.0,1.0,v5 (published),0.5148
2026-09-28,3,PHI @ CHI,CHI,Colston Loveland,Receptions,3.5,4.0,0.5,1.0,57.79,1.0,1.0,63.21,1.0,1.0,v5 (published),0.44
2026-09-28,3,PHI @ CHI,CHI,Kalif Raymond,Receptions,2.5,6.0,0.667,1.0,77.51,1.0,1.0,95.51,0.0,0.0,v5 (published),0.5092
2026-09-28,3,PHI @ CHI,CHI,Luther Burden III,Receptions,3.5,7.0,0.5,1.0,88.92,0.0,1.0,94.16,0.0,0.0,v5 (published),0.49
2026-09-28,3,PHI @ CHI,PHI,Makai Lemon,Receptions,2.5,3.0,0.573,1.0,46.36,1.0,1.0,74.69,1.0,1.0,v5 (published),0.5298
2026-09-28,3,PHI @ CHI,PHI,Dontayvion Wicks,Rec Yds,42.5,32.0,0.5288,0.0,38.24,1.0,1.0,56.10000000000001,1.0,1.0,v5 (published),0.5024
2026-09-28,3,PHI @ CHI,PHI,Makai Lemon,Rec Yds,27.5,29.0,0.5488,1.0,47.160000000000004,1.0,1.0,64.38000000000001,1.0,1.0,v5 (published),0.5042
2026-09-28,3,PHI @ CHI,PHI,Jalen Hurts,Rush Yds,24.5,25.0,0.5816,1.0,41.839999999999996,1.0,1.0,57.74,1.0,1.0,v5 (published),0.5064
2026-09-28,3,PHI @ CHI,PHI,DeVonta Smith,Receptions,5.5,6.0,0.6136,1.0,44.32000000000001,1.0,1.0,59.629999999999995,1.0,1.0,v5 (published),0.518
2026-09-28,3,PHI @ CHI,PHI,Dontayvion Wicks,Receptions,3.5,2.0,0.4998,0.0,25.34,1.0,1.0,43.01,1.0,1.0,v5 (published),0.409
2026-09-28,3,PHI @ CHI,PHI,Jalen Hurts,Pass TDs,1.5,0.0,0.4998,0.0,13.62,1.0,1.0,13.62,1.0,1.0,v5 (published),0.4192
2026-09-28,3,PHI @ CHI,PHI,DeVonta Smith,Rush+Rec Yds,74.5,65.0,0.5314,0.0,39.48,1.0,1.0,44.76,1.0,1.0,v5 (published),0.503
2026-09-28,3,PHI @ CHI,PHI,Dontayvion Wicks,Rush+Rec Yds,41.5,32.0,0.4848,0.0,41.199999999999996,1.0,1.0,47.0,1.0,1.0,v5 (published),0.4956
2026-09-28,3,PHI @ CHI,PHI,Makai Lemon,Rush+Rec Yds,30.5,29.0,0.5108,0.0,46.98,1.0,1.0,57.74,1.0,1.0,v5 (published),0.5108
2026-09-28,3,PHI @ CHI,CHI,D'Andre Swift,Rec Yds,12.5,4.0,0.5276,0.0,24.82,0.0,1.0,30.680000000000003,1.0,1.0,v5 (published),0.4982
2026-09-28,3,PHI @ CHI,PHI,Saquon Barkley,Receptions,2.5,1.0,0.5,0.0,19.59,1.0,1.0,20.35,1.0,1.0,v5 (published),0.3988
2026-09-28,3,PHI @ CHI,PHI,Saquon Barkley,Rec Yds,12.5,-2.0,0.5108,0.0,1.06,0.0,0.0,1.06,0.0,0.0,v5 (published),0.5108
2026-09-28,3,PHI @ CHI,PHI,Saquon Barkley,Rush+Rec Yds,89.5,80.0,0.5322,0.0,38.16,1.0,1.0,46.72,1.0,1.0,v5 (published),0.4998
2026-09-28,3,PHI @ CHI,PHI,Saquon Barkley,Rush Yds,72.5,82.0,0.5636,1.0,51.35999999999999,1.0,1.0,65.38000000000001,1.0,1.0,v5 (published),0.4968
2026-09-28,3,PHI @ CHI,CHI,D'Andre Swift,Rush+Rec Yds,79.5,88.0,0.537,1.0,54.74,1.0,1.0,65.02,1.0,1.0,v5 (published),0.502
2026-09-28,3,PHI @ CHI,PHI,Johnny Mundt,Rec Yds,6.5,4.0,0.5132,0.0,39.58,1.0,1.0,36.58,1.0,1.0,v5 (published),0.541
2026-09-28,3,PHI @ CHI,CHI,D'Andre Swift,Receptions,1.5,2.0,0.6554,1.0,42.230000000000004,1.0,1.0,57.199999999999996,1.0,1.0,v5 (published),0.6048
2026-09-28,3,PHI @ CHI,PHI,Johnny Mundt,Receptions,1.5,1.0,0.4998,0.0,39.07,1.0,1.0,44.230000000000004,1.0,1.0,v5 (published),0.378
2026-09-28,3,PHI @ CHI,CHI,Cole Kmet,Rec Yds,8.5,0.0,0.5072,0.0,9.74,0.0,1.0,9.74,0.0,1.0,v5 (published),0.5072
2026-09-28,3,PHI @ CHI,CHI,Kyle Monangai,Rec Yds,8.5,0.0,0.4446,0.0,15.050000000000002,1.0,1.0,15.050000000000002,1.0,1.0,v5 (published),0.5226
2026-09-28,3,PHI @ CHI,CHI,Kyle Monangai,Rush+Rec Yds,51.5,31.0,0.534,0.0,20.04,0.0,1.0,18.7,0.0,1.0,v5 (published),0.5036
2026-09-28,3,PHI @ CHI,CHI,Case Keenum,Pass TDs,0.5,2.0,0.6896,1.0,58.58,1.0,1.0,74.83,1.0,1.0,v5 (published),0.6434
2026-09-28,3,PHI @ CHI,CHI,Case Keenum,Pass Yds,169.5,247.0,0.5198,1.0,87.02,0.0,1.0,60.3,1.0,1.0,v5 (published),0.4998
2026-09-28,3,PHI @ CHI,PHI,Will Shipley,Rec Yds,2.5,11.0,0.5708,1.0,76.5,0.0,1.0,66.56,1.0,1.0,v5 (published),0.5064
2026-09-28,3,PHI @ CHI,CHI,Cole Kmet,Receptions,1.5,0.0,0.5,0.0,9.83,0.0,1.0,8.05,0.0,1.0,v5 (published),0.437
2026-09-28,3,PHI @ CHI,CHI,Kyle Monangai,Receptions,1.5,0.0,0.5,0.0,12.35,0.0,1.0,12.35,0.0,1.0,v5 (published),0.4278
2026-09-28,3,PHI @ CHI,PHI,Will Shipley,Receptions,0.5,1.0,0.6864,1.0,40.69,1.0,1.0,47.43,1.0,1.0,v5 (published),0.5964
2026-09-28,3,PHI @ CHI,PHI,Tank Bigsby,Rush Yds,12.5,0.0,0.5722,0.0,2.8699999999999997,0.0,0.0,2.8699999999999997,0.0,0.0,v5 (published),0.4884
2026-09-28,3,PHI @ CHI,CHI,Case Keenum,Rush Yds,5.5,8.0,0.5248,1.0,54.76,1.0,1.0,58.220000000000006,1.0,1.0,v5 (published),0.4882
