team,player,position,target_share_pct,rush_share_pct,wk1_target_share_pct,blended_target_share_pct,wk1_rush_share_pct,blended_rush_share_pct
ARI,Elijah Higgins,TE,4.0,,,4.0,,
ARI,Hunter Long,TE,2.0,,,2.0,,
ARI,Jacoby Brissett,,,,,,9.7,9.7
ARI,James Conner,RB,0.5,5.0,,0.5,,5.0
ARI,Jeremiyah Love,RB,9.0,60.0,10.5,9.4,35.5,51.4
ARI,Kendrick Bourne,WR,10.0,,21.1,13.3,,
ARI,Marvin Harrison Jr.,WR,21.0,,7.9,17.1,,
ARI,Michael Wilson,WR,19.0,,18.4,18.8,,
ARI,Trey McBride,TE,25.0,,34.2,27.8,,
ARI,Tyler Allgeier,,,,5.3,5.3,54.8,54.8
ATL,Austin Hooper,TE,3.0,,,3.0,,
ATL,Bijan Robinson,RB,16.0,75.0,38.5,22.8,67.7,72.4
ATL,Brian Robinson,RB,0.5,20.0,,0.5,29.0,23.1
ATL,Casey Washington,WR,2.0,,,2.0,,
ATL,Drake London,WR,27.0,,15.4,23.5,3.2,3.2
ATL,Jahan Dotson,WR,6.0,,11.5,7.6,,
ATL,Kyle Pitts,TE,18.0,,3.8,13.7,,
ATL,Olamide Zaccheaus,WR,13.0,,3.8,10.2,,
BAL,Chris Moore,,,,7.7,7.7,,
BAL,Derrick Henry,RB,4.0,60.0,3.8,3.9,70.6,63.7
BAL,Devontez Walker,WR,2.0,,,2.0,,
BAL,Durham Smythe,TE,2.0,,3.8,2.5,,
BAL,Elijah Surratt,WR,5.0,,,5.0,,
BAL,Jakobi Lane,WR,8.0,,11.5,9.0,,
BAL,Justice Hill,RB,5.0,25.0,3.8,4.6,17.6,22.4
BAL,LaJohntay Wester,,,,7.7,7.7,,
BAL,Lamar Jackson,,,,,,11.8,11.8
BAL,Mark Andrews,TE,17.0,,23.1,18.8,,
BAL,Matthew Hibner,,,,3.8,3.8,,
BAL,Rasheen Ali,RB,1.0,10.0,,1.0,,10.0
BAL,Rashod Bateman,WR,9.0,,3.8,7.4,,
BAL,Zay Flowers,WR,29.0,,23.1,27.2,,
BUF,DJ Moore,WR,25.0,,25.0,25.0,,
BUF,Dalton Kincaid,TE,17.0,,18.8,17.5,,
BUF,Dawson Knox,TE,5.0,,3.1,4.4,,
BUF,Frank Gore Jr.,,,,,,5.0,5.0
BUF,James Cook,RB,9.0,65.0,12.5,10.1,65.0,65.0
BUF,Josh Allen,,,,,,25.0,25.0
BUF,Josh Palmer,WR,4.0,,6.2,4.7,,
BUF,Keon Coleman,WR,7.0,,6.2,6.8,,
BUF,Khalil Shakir,WR,19.0,,18.8,18.9,,
BUF,Ray Davis,,,,,,5.0,5.0
BUF,Ty Johnson,RB,3.0,14.0,,3.0,,14.0
CAR,AJ Dillon,,,,,,22.7,22.7
CAR,Bryce Young,,,,,,9.1,9.1
CAR,Chuba Hubbard,RB,5.0,40.0,7.5,5.8,45.5,41.9
CAR,Darren Waller,,,,5.0,5.0,,
CAR,Ja'Tavion Sanders,TE,7.0,,,7.0,,
CAR,Jalen Coker,WR,12.0,,22.5,15.1,,
CAR,Jimmy Horn Jr.,,,,2.5,2.5,,
CAR,John Metchie III,WR,4.0,,,4.0,,
CAR,Jonathon Brooks,,,,5.0,5.0,18.2,18.2
CAR,Kenny Pickett,,,,,,4.5,4.5
CAR,Mitchell Evans,TE,2.0,,5.0,2.9,,
CAR,Tetairoa McMillan,WR,30.0,,20.0,27.0,,
CAR,Tommy Tremble,TE,5.0,,12.5,7.2,,
CAR,Xavier Legette,WR,16.0,,5.0,12.7,,
CHI,Caleb Williams,,,,,,25.6,25.6
CHI,Cole Kmet,TE,6.0,,9.7,7.1,,
CHI,Colston Loveland,TE,18.0,,6.5,14.5,,
CHI,D'Andre Swift,RB,8.0,57.0,3.2,6.6,46.2,53.2
CHI,Jahdae Walker,,,,3.2,3.2,,
CHI,Kalif Raymond,WR,4.0,,29.0,11.5,,
CHI,Kyle Monangai,RB,3.0,38.0,6.5,4.0,25.6,33.7
CHI,Luther Burden III,WR,20.0,,16.1,18.8,2.6,2.6
CHI,Rome Odunze,WR,21.0,,9.7,17.6,,
CHI,Scott Miller,WR,1.0,,,1.0,,
CIN,Andrei Iosivas,WR,8.0,,8.3,8.1,,
CIN,Chase Brown,RB,14.0,70.0,16.7,14.8,61.5,67.0
CIN,Dohnte Meyers,,,,2.8,2.8,3.8,3.8
CIN,Drew Sample,,,,8.3,8.3,,
CIN,Ja'Marr Chase,WR,30.0,,11.1,24.3,,
CIN,Joe Burrow,,,,,,15.4,15.4
CIN,Mike Gesicki,TE,6.0,,19.4,10.0,,
CIN,Samaje Perine,RB,3.0,18.0,8.3,4.6,19.2,18.4
CIN,Tanner Hudson,TE,4.0,,2.8,3.6,,
CIN,Tee Higgins,WR,20.0,,16.7,19.0,,
CLE,Blake Whiteheart,,,,3.7,3.7,,
CLE,Denzel Boston,WR,13.0,,14.8,13.5,,
CLE,Deshaun Watson,,,,,,27.3,27.3
CLE,Dylan Sampson,RB,8.0,35.0,,8.0,,35.0
CLE,Gage Larvadain,WR,0.5,,,0.5,,
CLE,Harold Fannin Jr.,TE,17.0,,11.1,15.2,,
CLE,Isaiah Bond,WR,5.0,,,5.0,,
CLE,Jamari Thrash,WR,1.0,,,1.0,,
CLE,Jerry Jeudy,WR,16.0,,14.8,15.6,,
CLE,KC Concepcion,WR,17.0,,18.5,17.4,13.6,13.6
CLE,Quinshon Judkins,RB,6.0,55.0,7.4,6.4,54.5,54.8
CLE,Raheim Sanders,,,,11.1,11.1,4.5,4.5
DAL,Brevyn Spann-Ford,,,,5.9,5.9,,
DAL,CeeDee Lamb,WR,24.0,,23.5,23.8,5.6,5.6
DAL,Dak Prescott,,,,,,11.1,11.1
DAL,Emari Demercado,,,,,,11.1,11.1
DAL,George Pickens,WR,24.0,,17.6,22.1,,
DAL,Hunter Luepke,,,,,,5.6,5.6
DAL,Jake Ferguson,TE,11.0,,5.9,9.5,,
DAL,Javonte Williams,RB,6.0,70.0,14.7,8.6,66.7,68.8
DAL,Jonathan Mingo,,,,2.9,2.9,,
DAL,KaVontae Turpin,WR,5.0,,2.9,4.4,,
DAL,Luke Schoonmaker,TE,2.0,,2.9,2.3,,
DAL,Ryan Flournoy,WR,12.0,,11.8,11.9,,
DEN,Adam Trautman,,,,9.4,9.4,,
DEN,Bo Nix,,,,,,14.3,14.3
DEN,Courtland Sutton,WR,19.0,,15.6,18.0,,
DEN,Evan Engram,TE,8.0,,15.6,10.3,,
DEN,J.K. Dobbins,RB,4.0,40.0,,4.0,57.1,46.0
DEN,Jaylen Waddle,WR,21.0,,9.4,17.5,,
DEN,Jonah Coleman,RB,3.0,15.0,,3.0,,15.0
DEN,Lil'Jordan Humphrey,WR,3.0,,,3.0,,
DEN,Marvin Mims Jr.,WR,7.0,,,7.0,,
DEN,Pat Bryant,WR,12.0,,18.8,14.0,,
DEN,RJ Harvey,RB,5.0,30.0,12.5,7.2,21.4,27.0
DEN,Troy Franklin,WR,10.0,,3.1,7.9,7.1,7.1
DEN,Tyler Badie,RB,3.0,5.0,,3.0,,5.0
DET,Amon-Ra St. Brown,WR,28.0,,35.0,30.1,,
DET,Brock Wright,TE,4.0,,2.5,3.5,,
DET,Greg Dortch,WR,3.0,,,3.0,,
DET,Isaac TeSlaa,WR,5.0,,2.5,4.2,,
DET,Isiah Pacheco,RB,2.0,20.0,,2.0,,20.0
DET,Jahmyr Gibbs,RB,16.0,75.0,12.5,14.9,87.9,79.5
DET,Jameson Williams,WR,20.0,,22.5,20.8,,
DET,Jared Goff,,,,,,6.1,6.1
DET,Sam LaPorta,TE,13.0,,20.0,15.1,,
DET,Sione Vaki,,,,2.5,2.5,6.1,6.1
GB,Bo Melton,,,,2.2,2.2,,
GB,Chris Brooks,RB,2.0,5.0,2.2,2.1,33.3,33.3
GB,Christian Watson,WR,18.0,,17.4,17.8,,
GB,Jayden Reed,WR,16.0,,15.2,15.8,,
GB,Jonnu Smith,,,,6.5,6.5,,
GB,Jordan Love,,,,,,4.8,4.8
GB,Josh Jacobs,RB,8.0,60.0,,8.0,,0.0
GB,Luke Musgrave,TE,2.0,,,2.0,,
GB,MarShawn Lloyd,RB,5.0,30.0,2.2,4.2,61.9,61.9
GB,Matthew Golden,WR,13.0,,26.1,16.9,,
GB,Savion Williams,WR,3.0,,,3.0,,
GB,Skyy Moore,,,,2.2,2.2,,
GB,Tucker Kraft,TE,20.0,,13.0,17.9,,
HOU,C.J. Stroud,,,,,,6.2,6.2
HOU,Cade Stover,TE,4.0,,2.4,3.5,,
HOU,Dalton Schultz,TE,15.0,,19.5,16.4,,
HOU,David Montgomery,RB,6.0,60.0,7.3,6.4,62.5,60.9
HOU,Foster Moreau,,,,4.9,4.9,,
HOU,Jared Wayne,,,,2.4,2.4,,
HOU,Jayden Higgins,WR,0.0,,,0.0,,
HOU,Jaylin Noel,WR,8.0,,4.9,7.1,,
HOU,Kayshon Boutte,WR,10.0,,4.9,8.5,,
HOU,Marlin Klein,,,,2.4,2.4,,
HOU,Nico Collins,WR,25.0,,24.4,24.8,3.1,3.1
HOU,Tank Dell,WR,8.0,,,8.0,,
HOU,Woody Marks,RB,6.0,35.0,2.4,4.9,28.1,32.6
HOU,Xavier Hutchinson,WR,11.0,,14.6,12.1,,
IND,Alec Pierce,WR,14.0,,18.2,15.3,,
IND,Andrew Ogletree,TE,1.0,,3.0,1.6,,
IND,Ashton Dulin,WR,6.0,,3.0,5.1,,
IND,Daniel Jones,,,,,,5.0,5.0
IND,Jonathan Taylor,RB,9.0,80.0,12.1,9.9,95.0,85.2
IND,Josh Downs,WR,16.0,,12.1,14.8,,
IND,Keenan Allen,WR,15.0,,18.2,16.0,,
IND,Laquon Treadwell,,,,3.0,3.0,,
IND,Mo Alie-Cox,TE,3.0,,,3.0,,
IND,Nick Westbrook-Ikhine,WR,2.0,,,2.0,,
IND,Seth McGowan,,,,3.0,3.0,,
IND,Tyler Warren,TE,22.0,,15.2,20.0,,
JAX,Ameer Abdullah,RB,1.0,,4.2,2.0,13.8,13.8
JAX,Bhayshul Tuten,RB,7.0,45.0,4.2,6.2,51.7,47.3
JAX,Brenton Strange,TE,11.0,,12.5,11.4,,
JAX,Brian Thomas Jr.,WR,18.0,,12.5,16.4,,
JAX,Chris Rodriguez Jr.,,,,,,20.7,20.7
JAX,Jakobi Meyers,WR,15.0,,8.3,13.0,3.4,3.4
JAX,Josh Cameron,,,,8.3,8.3,,
JAX,Nate Boerkircher,,,,4.2,4.2,,
JAX,Parker Washington,WR,19.0,,25.0,20.8,,
JAX,Quintin Morris,,,,4.2,4.2,,
JAX,Travis Hunter,WR,14.0,,4.2,11.1,3.4,3.4
JAX,Trevor Lawrence,,,,,,6.9,6.9
KC,Brashard Smith,RB,5.0,15.0,,5.0,,15.0
KC,Cyrus Allen,WR,4.0,,3.4,3.8,,
KC,Emmett Johnson,,,,6.9,6.9,22.9,22.9
KC,Jake Briningstool,,,,3.4,3.4,,
KC,Jalen Royals,WR,5.0,,,5.0,,
KC,Kenneth Walker III,RB,10.0,65.0,20.7,13.2,65.7,65.2
KC,Noah Gray,TE,7.0,,3.4,5.9,,
KC,Patrick Mahomes,,,,,,11.4,11.4
KC,Rashee Rice,WR,21.0,,6.9,16.8,,
KC,Travis Kelce,TE,16.0,,17.2,16.4,,
KC,Tyquan Thornton,WR,6.0,,3.4,5.2,,
KC,Xavier Worthy,WR,14.0,,20.7,16.0,,
LA,Blake Corum,RB,3.0,35.0,,3.0,35.7,35.2
LA,CJ Daniels,WR,2.0,,,2.0,,
LA,Colby Parkinson,TE,7.0,,7.1,7.0,,
LA,Davante Adams,WR,15.0,,21.4,16.9,,
LA,Davis Allen,TE,3.0,,3.6,3.2,,
LA,Jordan Whittington,WR,3.0,,3.6,3.2,,
LA,Konata Mumpfield,WR,5.0,,3.6,4.6,,
LA,Kyren Williams,RB,7.0,60.0,10.7,8.1,39.3,52.8
LA,Matthew Stafford,,,,,,3.6,3.6
LA,Puka Nacua,WR,27.0,,32.1,28.5,,
LA,Ronnie Rivers,,,,3.6,3.6,17.9,17.9
LA,Stetson Bennett,,,,,,3.6,3.6
LA,Terrance Ferguson,TE,7.0,,3.6,6.0,,
LA,Tutu Atwell,WR,6.0,,,6.0,,
LA,Tyler Higbee,TE,6.0,,7.1,6.3,,
LAC,Brendan Thompson,RB,3.0,,,3.0,,
LAC,Charlie Kolar,TE,4.0,,,4.0,,
LAC,David Njoku,TE,7.0,,16.7,9.9,,
LAC,Derius Davis,,,,3.3,3.3,,
LAC,Justin Herbert,,,,,,23.8,23.8
LAC,KeAndre Lambert-Smith,WR,4.0,,,4.0,,
LAC,Keaton Mitchell,RB,5.0,25.0,,5.0,19.0,22.9
LAC,Kimani Vidal,RB,2.0,10.0,,2.0,,10.0
LAC,Ladd McConkey,WR,23.0,,23.3,23.1,,
LAC,Omarion Hampton,RB,10.0,60.0,,10.0,57.1,59.0
LAC,Oronde Gadsden II,TE,6.0,,6.7,6.2,,
LAC,Quentin Johnston,WR,17.0,,20.0,17.9,,
LAC,Tre Harris,WR,11.0,,20.0,13.7,,
LV,Ashton Jeanty,RB,12.0,75.0,20.0,14.4,67.6,72.4
LV,Brock Bowers,TE,25.0,,,25.0,,
LV,Cody White,,,,3.3,3.3,,
LV,Connor Heyward,,,,,,2.9,2.9
LV,Dont'e Thornton Jr.,WR,5.0,,,5.0,,
LV,Ian Thomas,TE,1.0,,,1.0,,
LV,Jack Bech,WR,4.0,,13.3,6.8,,
LV,Jalen Nailor,WR,11.0,,16.7,12.7,,
LV,Kirk Cousins,,,,,,5.9,5.9
LV,Malik Benson,,,,6.7,6.7,2.9,2.9
LV,Michael Mayer,TE,7.0,,23.3,11.9,,
LV,Mike Washington Jr.,RB,3.0,15.0,,3.0,20.6,17.0
LV,Tre Tucker,WR,13.0,,13.3,13.1,,
MIA,Caleb Douglas,WR,12.0,,21.9,15.0,,
MIA,Chris Bell,WR,15.0,,6.2,12.4,,
MIA,De'Von Achane,RB,18.0,75.0,15.6,17.3,61.1,70.1
MIA,Greg Dulcich,TE,11.0,,6.2,9.6,,
MIA,Jalen Tolbert,WR,10.0,,,10.0,,
MIA,Jaylen Wright,RB,2.0,7.0,,2.0,5.6,6.5
MIA,Kevin Coleman Jr.,WR,3.0,,6.2,4.0,,
MIA,Malik Washington,WR,15.0,,25.0,18.0,,
MIA,Malik Willis,,,,,,33.3,33.3
MIA,Ollie Gordon II,RB,2.0,13.0,,2.0,,13.0
MIA,Will Kacmarek,,,,3.1,3.1,,
MIN,Aaron Jones,RB,8.0,40.0,3.6,6.7,38.7,39.5
MIN,Carson Wentz,,,,,,6.5,6.5
MIN,DeeJay Dallas,,,,3.6,3.6,,
MIN,Jauan Jennings,WR,9.0,,3.6,7.4,,
MIN,Jordan Addison,WR,16.0,,7.1,13.3,,
MIN,Jordan Mason,RB,4.0,45.0,,4.0,48.4,46.2
MIN,Josh Oliver,TE,3.0,,14.3,6.4,,
MIN,Justin Jefferson,WR,30.0,,35.7,31.7,,
MIN,Kyler Murray,,,,,,6.5,6.5
MIN,T.J. Hockenson,TE,11.0,,17.9,13.1,,
MIN,Tai Felton,WR,3.0,,,3.0,,
NE,A.J. Brown,WR,26.0,,11.1,21.5,,
NE,Corey Kiner,,,,,,19.4,19.4
NE,DeMario Douglas,WR,12.0,,19.4,14.2,,
NE,Drake Maye,,,,,,22.6,22.6
NE,Eli Raridon,TE,3.0,,2.8,2.9,,
NE,Hunter Henry,TE,12.0,,8.3,10.9,,
NE,Kyle Williams,WR,5.0,,,5.0,,
NE,Lan Larison,,,,5.6,5.6,,
NE,Mack Hollins,WR,9.0,,13.9,10.5,,
NE,Rhamondre Stevenson,RB,5.0,50.0,16.7,8.5,58.1,52.8
NE,Romeo Doubs,WR,19.0,,8.3,15.8,,
NE,TreVeyon Henderson,RB,6.0,45.0,,6.0,,45.0
NO,Alvin Kamara,RB,7.0,30.0,,7.0,,30.0
NO,Barion Brown,,,,,,4.0,4.0
NO,Bryce Lance,,,,8.2,8.2,,
NO,CJ Donaldson,,,,3.3,3.3,8.0,8.0
NO,Chris Olave,WR,28.0,,21.3,26.0,,
NO,Devaughn Vele,WR,16.0,,14.8,15.6,,
NO,Devin Neal,RB,3.0,5.0,,3.0,,5.0
NO,Jordyn Tyson,WR,7.0,,,7.0,,
NO,Juwan Johnson,TE,16.0,,11.5,14.6,,
NO,Kendre Miller,,,,,,36.0,36.0
NO,Kevin Austin Jr.,WR,4.0,,,4.0,,
NO,Noah Fant,TE,4.0,,13.1,6.7,,
NO,Travis Etienne,RB,7.0,55.0,14.8,9.3,36.0,48.4
NO,Tyler Shough,,,,,,16.0,16.0
NYG,Calvin Austin III,WR,6.0,,,6.0,,
NYG,Cam Skattebo,RB,6.0,50.0,,6.0,52.9,51.0
NYG,Darius Slayton,WR,8.0,,,8.0,,
NYG,Darnell Mooney,WR,7.0,,6.5,6.8,,
NYG,Devin Singletary,RB,2.0,15.0,12.9,5.3,17.6,15.9
NYG,Isaiah Likely,TE,11.0,,25.8,15.4,,
NYG,Jaxson Dart,,,,,,23.5,23.5
NYG,JuJu Smith-Schuster,WR,6.0,,,6.0,,
NYG,Malachi Fields,WR,4.0,,12.9,6.7,,
NYG,Malik Nabers,WR,25.0,,29.0,26.2,,
NYG,Patrick Ricard,,,,3.2,3.2,,
NYG,Theo Johnson,TE,9.0,,3.2,7.3,,
NYG,Tyrone Tracy Jr.,RB,7.0,30.0,,7.0,5.9,21.6
NYJ,Adonai Mitchell,WR,16.0,,12.5,14.9,,
NYJ,Arian Smith,,,,4.2,4.2,,
NYJ,Braelon Allen,,,,4.2,4.2,27.8,27.8
NYJ,Breece Hall,RB,7.0,70.0,8.3,7.4,61.1,66.9
NYJ,Garrett Wilson,WR,25.0,,29.2,26.3,,
NYJ,Geno Smith,,,,,,8.3,8.3
NYJ,Isaiah Davis,RB,3.0,15.0,,3.0,,15.0
NYJ,Isaiah Williams,WR,3.0,,4.2,3.4,,
NYJ,Jeremy Ruckert,TE,1.0,,4.2,2.0,,
NYJ,Kenyon Sadiq,TE,10.0,,12.5,10.8,2.8,2.8
NYJ,Mason Taylor,TE,8.0,,12.5,9.3,,
NYJ,Omar Cooper Jr.,WR,11.0,,4.2,9.0,,
NYJ,Tim Patrick,WR,1.0,,,1.0,,
PHI,Dallas Goedert,TE,15.0,,17.9,15.9,,
PHI,DeVonta Smith,WR,26.0,,21.4,24.6,,
PHI,Dontayvion Wicks,WR,6.0,,14.3,8.5,,
PHI,Eli Stowers,TE,5.0,,,5.0,,
PHI,Elijah Moore,WR,1.0,,,1.0,,
PHI,Grant Calcaterra,TE,1.0,,,1.0,,
PHI,Jalen Hurts,,,,,,21.7,21.7
PHI,Johnny Mundt,TE,2.0,,,2.0,,
PHI,Makai Lemon,WR,17.0,,14.3,16.2,,
PHI,Marquise Brown,WR,5.0,,,5.0,,
PHI,Saquon Barkley,RB,9.0,75.0,7.1,8.4,65.2,71.6
PHI,Tank Bigsby,,,,,,4.3,4.3
PHI,Will Shipley,,,,3.6,3.6,8.7,8.7
PIT,Ben Skowronek,WR,0.5,,,0.5,,
PIT,DK Metcalf,WR,19.0,,23.3,20.3,,
PIT,Darnell Washington,TE,5.0,,4.7,4.9,,
PIT,Germie Bernard,WR,4.0,,,4.0,,
PIT,Jaylen Warren,RB,8.0,45.0,14.0,9.8,55.6,48.7
PIT,Michael Pittman,WR,21.0,,7.0,16.8,,
PIT,Pat Freiermuth,TE,8.0,,11.6,9.1,,
PIT,Rico Dowdle,RB,6.0,40.0,11.6,7.7,44.4,41.5
PIT,Robert Tonyan,TE,2.0,,,2.0,,
PIT,Roman Wilson,WR,6.0,,14.0,8.4,,
SEA,AJ Barner,TE,12.0,,7.7,10.7,,
SEA,Brady Russell,,,,7.7,7.7,,
SEA,Cooper Kupp,WR,12.0,,11.5,11.8,,
SEA,Drew Lock,,,,,,4.8,4.8
SEA,Elijah Arroyo,TE,6.0,,,6.0,,
SEA,Emanuel Wilson,RB,5.0,10.0,,5.0,9.5,9.8
SEA,George Holani,RB,4.0,10.0,3.8,3.9,38.1,38.1
SEA,Jadarian Price,RB,2.0,45.0,7.7,3.7,47.6,47.6
SEA,Jaxon Smith-Njigba,WR,32.0,,42.3,35.1,,
SEA,Rashid Shaheed,WR,11.0,,11.5,11.1,,
SEA,Tory Horton,WR,7.0,,,7.0,,
SEA,Zach Charbonnet,RB,2.0,30.0,,2.0,,0.0
SF,Brock Purdy,,,,,,16.7,16.7
SF,Christian Kirk,WR,4.0,,,4.0,,
SF,Christian McCaffrey,RB,19.0,90.0,23.5,20.3,33.3,70.2
SF,DeZhaun Stribling,WR,15.0,,,15.0,,
SF,Deebo Samuel Sr.,WR,13.0,,20.6,15.3,3.3,3.3
SF,Demarcus Robinson,WR,4.0,,8.8,5.4,,
SF,George Kittle,TE,14.0,,14.7,14.2,,
SF,Jake Brendel,,,,2.9,2.9,,
SF,Jake Tonges,TE,8.0,,,8.0,,
SF,Kaelon Black,,,,2.9,2.9,46.7,46.7
SF,Kyle Juszczyk,RB,3.0,2.0,,3.0,,2.0
SF,Luke Farrell,,,,5.9,5.9,,
SF,Mike Evans,WR,18.0,,20.6,18.8,,
SF,Ricky Pearsall,WR,0.0,,,0.0,,
TB,Baker Mayfield,,,,,,21.1,21.1
TB,Bucky Irving,RB,7.0,50.0,21.9,11.5,42.1,47.2
TB,Cade Otton,TE,12.0,,15.6,13.1,,
TB,Chris Godwin Jr.,WR,15.0,,12.5,14.2,5.3,5.3
TB,David Sills,WR,2.0,,,2.0,,
TB,Emeka Egbuka,WR,23.0,,18.8,21.7,,
TB,Jalen McMillan,WR,12.0,,,12.0,,
TB,Kenny Gainwell,RB,9.0,35.0,3.1,7.2,26.3,32.0
TB,Ted Hurst III,WR,6.0,,9.4,7.0,,
TB,Tez Johnson,WR,6.0,,3.1,5.1,5.3,5.3
TEN,Calvin Ridley,WR,8.0,,,8.0,,
TEN,Cam Ward,,,,,,28.6,28.6
TEN,Carnell Tate,WR,17.0,,17.1,17.0,,
TEN,Chimere Dike,WR,10.0,,2.9,7.9,,
TEN,Daniel Bellinger,,,,2.9,2.9,,
TEN,Elic Ayomanor,WR,16.0,,8.6,13.8,,
TEN,Gunnar Helm,TE,7.0,,14.3,9.2,,
TEN,Michael Carter,RB,3.0,10.0,,3.0,,10.0
TEN,Nicholas Singleton,RB,2.0,5.0,,2.0,,5.0
TEN,Tony Pollard,RB,5.0,50.0,5.7,5.2,50.0,50.0
TEN,Tyjae Spears,RB,6.0,30.0,11.4,7.6,21.4,27.0
TEN,Wan'Dale Robinson,WR,18.0,,17.1,17.7,,
WAS,Antonio Williams,RB,9.0,,11.1,9.6,,
WAS,Chig Okonkwo,TE,12.0,,8.3,10.9,,
WAS,Dyami Brown,WR,6.0,,5.6,5.9,,
WAS,Jacory Croskey-Merritt,,,,2.8,2.8,50.0,50.0
WAS,Jayden Daniels,,,,,,15.6,15.6
WAS,Jaylin Lane,WR,8.0,,2.8,6.4,,
WAS,Jeremy McNichols,RB,4.0,10.0,,4.0,,10.0
WAS,Jerome Ford,RB,1.0,,,1.0,,
WAS,John Bates,,,,11.1,11.1,,
WAS,Kaytron Allen,,,,,,12.5,12.5
WAS,Rachaad White,RB,6.0,40.0,5.6,5.9,21.9,33.7
WAS,Stefon Diggs,WR,18.0,,25.0,20.1,,
WAS,Terry McLaurin,WR,19.0,,11.1,16.6,,
WAS,Treylon Burks,WR,3.0,,,3.0,,
,AJ Dillon,,,5.0,,,,5.0
,Audric Estimé,,,2.0,,,,2.0
,Braelon Allen,,,10.0,,,,10.0
,Chris Rodriguez Jr.,,,35.0,,,,35.0
,DJ Giddens,,,8.0,,,,8.0
,Demond Claiborne,,,5.0,,,,5.0
,Dylan Laube,,,5.0,,,,5.0
,Eli Heidenreich,,,5.0,,,,5.0
,Emari Demercado,,,10.0,,,,10.0
,Emmett Johnson,,,5.0,,,,5.0
,Jacory Croskey-Merritt,,,45.0,,,,45.0
,Jaleel McLaughlin,,,5.0,,,,5.0
,Jaydon Blue,,,5.0,,,,5.0
,Jonathon Brooks,,,40.0,,,,40.0
,Jordan James,,,3.0,,,,3.0
,Kaleb Johnson,,,5.0,,,,5.0
,Kendre Miller,,,3.0,,,,3.0
,LeQuint Allen Jr.,,,15.0,,,,15.0
,Malik Davis,,,20.0,,,,20.0
,Raheim Sanders,,,5.0,,,,5.0
,Ray Davis,,,16.0,,,,16.0
,Sean Tucker,,,10.0,,,,10.0
,Seth McGowan,,,7.0,,,,7.0
,Tahj Brooks,,,7.0,,,,7.0
,Tank Bigsby,,,15.0,,,,15.0
,Trevor Etienne,,,10.0,,,,10.0
,Tyler Allgeier,,,30.0,,,,30.0
,Will Shipley,,,5.0,,,,5.0
,Zavier Scott,,,5.0,,,,5.0
