player,position,week,opponent,mean_pass_att,mean_completions,mean_pass_yds,sd_pass_yds,mean_pass_td,mean_int,mean_rush_att,mean_rush_yds,mean_rush_td,mean_pts,sd_pts
Daniel Jones,QB,1,BAL,31.8,18.3,211.0,57.7,1.22,0.831,6.3,30.5,0.334,16.7,7.4
Daniel Jones,QB,2,KC,34.2,19.6,226.2,60.5,1.237,0.835,6.2,30.5,0.332,17.4,7.5
Daniel Jones,QB,3,HOU,30.1,17.3,200.0,54.6,1.231,0.844,6.3,30.6,0.318,16.2,7.3
Daniel Jones,QB,4,WAS,37.6,21.6,248.2,67.8,1.198,0.846,6.3,30.8,0.333,18.1,7.7
Daniel Jones,QB,5,PIT,32.9,18.9,217.7,58.9,1.259,0.82,6.3,30.7,0.317,17.1,7.5
Daniel Jones,QB,6,TEN,37.2,21.4,245.8,67.1,1.266,0.819,6.3,30.5,0.326,18.3,7.7
Daniel Jones,QB,7,MIN,31.2,18.0,207.1,56.9,1.236,0.856,6.4,31.3,0.339,16.7,7.3
Daniel Jones,QB,8,JAX,31.6,18.2,207.2,55.8,1.214,0.852,6.3,30.4,0.316,16.4,7.2
Daniel Jones,QB,9,DAL,35.4,20.3,233.7,64.2,1.223,0.847,6.2,30.2,0.33,17.6,7.6
Daniel Jones,QB,10,MIA,37.9,21.8,252.0,69.0,1.224,0.826,6.4,31.0,0.317,18.3,7.5
Daniel Jones,QB,11,HOU,29.9,17.2,199.3,53.8,1.246,0.818,6.3,30.8,0.327,16.4,7.3
Daniel Jones,QB,12,NYG,35.2,20.3,234.4,64.6,1.254,0.852,6.4,31.1,0.331,17.8,7.5
Daniel Jones,QB,13,BYE,,,,,,,,,,,
Daniel Jones,QB,14,PHI,30.4,17.4,202.3,55.3,1.253,0.82,6.2,30.4,0.339,16.5,7.4
Daniel Jones,QB,15,TEN,37.5,21.6,249.3,66.7,1.24,0.849,6.3,31.1,0.32,18.3,7.6
Daniel Jones,QB,16,CIN,37.0,21.2,244.9,66.6,1.24,0.837,6.3,30.8,0.348,18.3,7.7
Daniel Jones,QB,17,CLE,32.4,18.8,216.6,59.5,1.25,0.86,6.3,31.3,0.343,17.1,7.5
Daniel Jones,QB,18,JAX,31.5,18.1,208.2,57.2,1.231,0.834,6.3,30.5,0.305,16.5,7.2
