player,position,week,opponent,mean_targets,sd_targets,mean_rec,sd_rec,mean_rec_yds,sd_rec_yds,mean_td,sd_td,mean_pts,sd_pts
Kyle Pitts,WR/TE,1,PIT,6.01,1.79,3.76,1.85,47.9,30.1,0.196,0.44,9.7,5.0
Drake London,WR/TE,1,PIT,9.02,2.69,5.64,2.51,71.5,39.9,0.256,0.511,14.3,6.7
Olamide Zaccheaus,WR/TE,1,PIT,4.34,1.3,2.78,1.6,31.0,25.3,0.118,0.348,6.6,4.0
Jahan Dotson,WR/TE,1,PIT,2.0,0.6,1.06,0.75,13.3,14.2,0.098,0.315,3.0,2.6
Austin Hooper,WR/TE,1,PIT,1.0,0.3,0.76,0.38,8.4,6.9,0.159,0.398,2.6,2.6
Casey Washington,WR/TE,1,PIT,0.67,0.2,0.43,0.27,5.3,5.4,0.082,0.289,1.4,1.9
Kyle Pitts,WR/TE,2,CAR,6.78,2.01,4.16,2.03,53.8,34.6,0.212,0.466,10.8,5.6
Drake London,WR/TE,2,CAR,10.17,3.02,6.32,2.75,81.7,45.7,0.258,0.522,16.0,7.4
Olamide Zaccheaus,WR/TE,2,CAR,4.89,1.45,3.16,1.8,35.3,28.6,0.126,0.354,7.4,4.4
Jahan Dotson,WR/TE,2,CAR,2.26,0.67,1.22,0.84,14.6,14.9,0.101,0.317,3.3,2.7
Austin Hooper,WR/TE,2,CAR,1.13,0.34,0.85,0.42,9.6,7.7,0.14,0.376,2.7,2.5
Casey Washington,WR/TE,2,CAR,0.75,0.22,0.47,0.3,5.9,6.0,0.077,0.279,1.5,1.9
Kyle Pitts,WR/TE,3,GB,6.48,2.0,4.04,1.97,52.1,34.7,0.2,0.448,10.4,5.6
Drake London,WR/TE,3,GB,9.72,3.0,6.08,2.72,77.3,43.7,0.25,0.515,15.3,7.3
Olamide Zaccheaus,WR/TE,3,GB,4.68,1.45,2.95,1.75,33.5,27.4,0.129,0.356,7.1,4.3
Jahan Dotson,WR/TE,3,GB,2.16,0.67,1.16,0.84,14.7,15.1,0.108,0.333,3.3,2.8
Austin Hooper,WR/TE,3,GB,1.08,0.33,0.82,0.41,9.2,7.9,0.153,0.393,2.7,2.6
Casey Washington,WR/TE,3,GB,0.72,0.22,0.45,0.3,5.6,5.5,0.089,0.294,1.5,1.9
Kyle Pitts,WR/TE,4,NO,6.83,2.09,4.24,2.08,54.8,35.5,0.206,0.45,11.0,5.7
Drake London,WR/TE,4,NO,10.25,3.14,6.34,2.87,82.5,46.2,0.271,0.517,16.2,7.4
Olamide Zaccheaus,WR/TE,4,NO,4.94,1.51,3.15,1.83,35.4,28.4,0.12,0.352,7.4,4.4
Jahan Dotson,WR/TE,4,NO,2.28,0.7,1.21,0.86,14.5,15.3,0.099,0.319,3.3,2.7
Austin Hooper,WR/TE,4,NO,1.14,0.35,0.86,0.43,9.5,8.3,0.142,0.39,2.7,2.6
Casey Washington,WR/TE,4,NO,0.76,0.23,0.49,0.3,5.8,5.8,0.078,0.282,1.5,1.9
Kyle Pitts,WR/TE,5,BAL,5.81,1.75,3.61,1.77,47.4,30.2,0.205,0.459,9.6,5.1
Drake London,WR/TE,5,BAL,8.71,2.63,5.47,2.44,69.2,38.7,0.259,0.522,13.9,6.6
Olamide Zaccheaus,WR/TE,5,BAL,4.19,1.27,2.67,1.54,29.7,23.7,0.112,0.332,6.3,3.7
Jahan Dotson,WR/TE,5,BAL,1.94,0.58,1.04,0.74,12.7,12.6,0.094,0.311,2.9,2.5
Austin Hooper,WR/TE,5,BAL,0.97,0.29,0.73,0.36,8.3,7.1,0.13,0.368,2.3,2.4
Casey Washington,WR/TE,5,BAL,0.65,0.19,0.42,0.26,5.0,4.8,0.08,0.288,1.4,1.9
Kyle Pitts,WR/TE,6,CHI,6.17,1.83,3.83,1.88,50.1,32.4,0.194,0.443,10.0,5.1
Drake London,WR/TE,6,CHI,9.26,2.75,5.75,2.59,74.0,40.2,0.264,0.517,14.7,6.7
Olamide Zaccheaus,WR/TE,6,CHI,4.46,1.32,2.77,1.59,31.8,25.6,0.117,0.343,6.7,4.0
Jahan Dotson,WR/TE,6,CHI,2.06,0.61,1.13,0.78,13.3,13.8,0.095,0.308,3.0,2.6
Austin Hooper,WR/TE,6,CHI,1.03,0.31,0.77,0.38,8.8,7.0,0.137,0.37,2.5,2.5
Casey Washington,WR/TE,6,CHI,0.69,0.2,0.44,0.27,5.4,5.2,0.083,0.29,1.5,1.9
Kyle Pitts,WR/TE,7,SF,6.58,1.96,4.1,1.98,53.7,33.7,0.195,0.455,10.6,5.4
Drake London,WR/TE,7,SF,9.87,2.95,6.15,2.69,79.3,43.9,0.255,0.515,15.6,7.1
Olamide Zaccheaus,WR/TE,7,SF,4.75,1.42,2.98,1.75,34.4,28.0,0.122,0.358,7.1,4.4
Jahan Dotson,WR/TE,7,SF,2.19,0.65,1.2,0.82,14.0,14.5,0.101,0.323,3.2,2.7
Austin Hooper,WR/TE,7,SF,1.1,0.33,0.82,0.42,9.2,7.3,0.154,0.392,2.7,2.6
Casey Washington,WR/TE,7,SF,0.73,0.22,0.47,0.29,5.7,5.6,0.079,0.279,1.5,1.8
Kyle Pitts,WR/TE,8,TB,6.94,2.15,4.27,2.15,56.5,36.5,0.2,0.464,11.1,5.9
Drake London,WR/TE,8,TB,10.41,3.22,6.46,2.95,83.3,46.6,0.264,0.515,16.4,7.6
Olamide Zaccheaus,WR/TE,8,TB,5.01,1.55,3.2,1.84,35.3,29.6,0.126,0.359,7.5,4.6
Jahan Dotson,WR/TE,8,TB,2.31,0.72,1.25,0.88,15.0,15.2,0.105,0.325,3.4,2.8
Austin Hooper,WR/TE,8,TB,1.16,0.36,0.87,0.43,9.7,7.9,0.136,0.374,2.7,2.5
Casey Washington,WR/TE,8,TB,0.77,0.24,0.49,0.31,5.9,5.8,0.077,0.273,1.5,1.8
Kyle Pitts,WR/TE,9,CIN,6.98,2.07,4.34,2.07,56.6,37.0,0.192,0.442,11.2,5.7
Drake London,WR/TE,9,CIN,10.47,3.11,6.53,2.86,83.6,46.1,0.276,0.537,16.5,7.5
Olamide Zaccheaus,WR/TE,9,CIN,5.04,1.5,3.23,1.82,37.2,29.9,0.111,0.337,7.6,4.4
Jahan Dotson,WR/TE,9,CIN,2.33,0.69,1.26,0.86,14.9,15.7,0.109,0.33,3.4,2.8
Austin Hooper,WR/TE,9,CIN,1.16,0.35,0.88,0.43,9.8,9.0,0.141,0.381,2.7,2.6
Casey Washington,WR/TE,9,CIN,0.78,0.23,0.5,0.3,6.1,6.0,0.089,0.304,1.6,2.0
Kyle Pitts,WR/TE,10,KC,6.39,1.93,3.99,1.95,50.5,33.2,0.195,0.44,10.2,5.4
Drake London,WR/TE,10,KC,9.58,2.89,5.94,2.66,76.9,42.5,0.245,0.499,15.1,7.0
Olamide Zaccheaus,WR/TE,10,KC,4.61,1.39,2.88,1.71,32.3,26.5,0.115,0.335,6.8,4.2
Jahan Dotson,WR/TE,10,KC,2.13,0.64,1.14,0.79,13.9,13.9,0.1,0.316,3.1,2.6
Austin Hooper,WR/TE,10,KC,1.06,0.32,0.8,0.4,9.0,7.4,0.149,0.391,2.6,2.6
Casey Washington,WR/TE,10,KC,0.71,0.21,0.45,0.28,5.3,5.2,0.083,0.291,1.5,1.9
Kyle Pitts,WR/TE,11,BYE,,,,,,,,,,
Drake London,WR/TE,11,BYE,,,,,,,,,,
Olamide Zaccheaus,WR/TE,11,BYE,,,,,,,,,,
Jahan Dotson,WR/TE,11,BYE,,,,,,,,,,
Austin Hooper,WR/TE,11,BYE,,,,,,,,,,
Casey Washington,WR/TE,11,BYE,,,,,,,,,,
Kyle Pitts,WR/TE,12,MIN,5.66,1.71,3.51,1.73,45.7,29.7,0.199,0.45,9.3,5.0
Drake London,WR/TE,12,MIN,8.49,2.57,5.28,2.34,67.4,36.7,0.26,0.521,13.6,6.3
Olamide Zaccheaus,WR/TE,12,MIN,4.09,1.24,2.61,1.51,29.1,23.0,0.125,0.351,6.3,3.8
Jahan Dotson,WR/TE,12,MIN,1.89,0.57,1.03,0.72,12.4,12.5,0.103,0.32,2.9,2.5
Austin Hooper,WR/TE,12,MIN,0.94,0.29,0.71,0.35,8.1,7.0,0.146,0.395,2.4,2.6
Casey Washington,WR/TE,12,MIN,0.63,0.19,0.4,0.25,4.9,4.9,0.079,0.286,1.4,1.8
Kyle Pitts,WR/TE,13,DET,6.05,1.84,3.78,1.87,48.6,30.9,0.217,0.473,9.9,5.2
Drake London,WR/TE,13,DET,9.07,2.76,5.66,2.52,72.6,40.8,0.258,0.522,14.5,6.8
Olamide Zaccheaus,WR/TE,13,DET,4.37,1.33,2.74,1.63,31.3,25.8,0.112,0.339,6.5,4.1
Jahan Dotson,WR/TE,13,DET,2.02,0.61,1.1,0.77,13.4,13.8,0.098,0.317,3.0,2.6
Austin Hooper,WR/TE,13,DET,1.01,0.31,0.75,0.38,8.4,7.0,0.135,0.375,2.4,2.5
Casey Washington,WR/TE,13,DET,0.67,0.2,0.43,0.27,5.3,5.2,0.08,0.288,1.4,1.8
Kyle Pitts,WR/TE,14,CLE,5.85,1.76,3.64,1.82,46.5,30.0,0.225,0.48,9.6,5.2
Drake London,WR/TE,14,CLE,8.77,2.64,5.44,2.44,70.2,39.5,0.248,0.509,13.9,6.7
Olamide Zaccheaus,WR/TE,14,CLE,4.22,1.27,2.67,1.57,30.0,24.1,0.108,0.326,6.3,3.8
Jahan Dotson,WR/TE,14,CLE,1.95,0.59,1.05,0.75,12.6,12.5,0.09,0.299,2.9,2.4
Austin Hooper,WR/TE,14,CLE,0.97,0.29,0.73,0.37,8.2,6.9,0.142,0.372,2.4,2.4
Casey Washington,WR/TE,14,CLE,0.65,0.2,0.41,0.26,5.1,5.1,0.081,0.286,1.4,1.9
Kyle Pitts,WR/TE,15,WAS,7.19,2.16,4.51,2.21,58.3,37.7,0.2,0.467,11.5,6.0
Drake London,WR/TE,15,WAS,10.79,3.24,6.73,3.0,85.5,47.8,0.267,0.531,16.9,7.7
Olamide Zaccheaus,WR/TE,15,WAS,5.19,1.56,3.27,1.96,37.0,29.9,0.134,0.366,7.8,4.6
Jahan Dotson,WR/TE,15,WAS,2.4,0.72,1.28,0.91,15.7,16.2,0.112,0.336,3.5,2.9
Austin Hooper,WR/TE,15,WAS,1.2,0.36,0.91,0.45,10.2,8.6,0.15,0.398,2.8,2.8
Casey Washington,WR/TE,15,WAS,0.8,0.24,0.51,0.33,6.5,6.6,0.075,0.271,1.6,1.9
Kyle Pitts,WR/TE,16,TB,6.89,2.13,4.27,2.12,56.0,36.1,0.205,0.459,11.1,5.8
Drake London,WR/TE,16,TB,10.34,3.19,6.46,2.86,82.9,46.5,0.253,0.517,16.3,7.4
Olamide Zaccheaus,WR/TE,16,TB,4.98,1.54,3.17,1.84,35.0,28.7,0.116,0.337,7.4,4.4
Jahan Dotson,WR/TE,16,TB,2.3,0.71,1.25,0.88,15.2,15.8,0.095,0.312,3.3,2.8
Austin Hooper,WR/TE,16,TB,1.15,0.35,0.87,0.44,9.7,8.1,0.142,0.373,2.7,2.5
Casey Washington,WR/TE,16,TB,0.77,0.24,0.49,0.31,6.0,6.2,0.083,0.29,1.6,1.9
Kyle Pitts,WR/TE,17,NO,6.85,2.07,4.31,2.11,55.2,35.4,0.2,0.444,11.0,5.6
Drake London,WR/TE,17,NO,10.27,3.1,6.43,2.83,82.8,47.2,0.272,0.51,16.3,7.5
Olamide Zaccheaus,WR/TE,17,NO,4.95,1.49,3.14,1.83,36.2,29.1,0.119,0.347,7.5,4.5
Jahan Dotson,WR/TE,17,NO,2.28,0.69,1.23,0.86,14.9,14.9,0.1,0.316,3.3,2.7
Austin Hooper,WR/TE,17,NO,1.14,0.34,0.86,0.43,9.8,8.3,0.153,0.396,2.8,2.7
Casey Washington,WR/TE,17,NO,0.76,0.23,0.49,0.31,5.9,5.7,0.086,0.296,1.6,2.0
Kyle Pitts,WR/TE,18,CAR,6.76,2.02,4.22,2.07,54.3,35.0,0.199,0.447,10.8,5.6
Drake London,WR/TE,18,CAR,10.14,3.03,6.3,2.77,80.6,45.6,0.258,0.513,15.9,7.3
Olamide Zaccheaus,WR/TE,18,CAR,4.88,1.46,3.05,1.77,34.2,27.3,0.111,0.336,7.1,4.1
Jahan Dotson,WR/TE,18,CAR,2.25,0.67,1.24,0.85,15.3,16.0,0.103,0.324,3.4,2.8
Austin Hooper,WR/TE,18,CAR,1.13,0.34,0.85,0.42,9.6,7.8,0.135,0.374,2.6,2.5
Casey Washington,WR/TE,18,CAR,0.75,0.22,0.49,0.3,5.7,5.8,0.077,0.286,1.5,1.9
