player,stat,line,side,odds,dollar_win,our_mean,confidence_pct,source,game,actual,hit,exclude_from_calibration
Mason Taylor,Receptions,0.5,Over,-1800,0.06,2.1,97.7,,NYJ @ TEN,2.0,True,False
Jeremiyah Love,rush_yds,14.5,Over,-1400,0.07,66.8,96.9,,ARI @ LAC,41.0,True,False
Stefon Diggs,Receptions,1.5,Over,-1600,0.06,4.3,96.6,,WAS @ PHI,4.0,True,False
Malik Nabers,rec,2.5,Over,-900,0.11,5.62,96.0,,DAL @ NYG,6.0,True,False
Malik Willis,pass_yds,99.5,Over,-1400,0.07,243.5,95.8,,MIA @ LV,220.0,True,False
Ladd McConkey,rec,2.5,Over,-900,0.11,7.3,95.5,,ARI @ LAC,5.0,True,False
Jeremiyah Love,rush_yds,19.5,Over,-600,0.17,66.8,95.3,,ARI @ LAC,41.0,True,False
Kendrick Bourne,rec,0.5,Over,-1200,0.08,2.36,95.2,,ARI @ LAC,8.0,True,False
Chris Bell,rec,0.5,Over,-700,0.14,4.2,95.1,,MIA @ LV,1.0,True,False
Jalen Hurts,Pass Yards,125.0,Over,-1600,0.06,240.0,95.1,model,WAS @ PHI,203.0,True,False
Malik Washington,rec,1.5,Over,-470,0.21,4.37,94.9,,MIA @ LV,3.0,True,False
Theo Johnson,rec,0.5,Over,-650,0.15,2.18,94.6,,DAL @ NYG,1.0,True,False
Caleb Douglas,rec,0.5,Over,-1200,0.08,3.39,94.6,,MIA @ LV,5.0,True,False
Makai Lemon,Receptions,0.5,Over,-1450,0.07,4.0,94.5,,WAS @ PHI,3.0,True,False
Jake Ferguson,rec,1.5,Over,-1100,0.09,3.42,94.4,,DAL @ NYG,2.0,True,False
Amon-Ra St. Brown,Receptions,3.5,Over,-1400,0.07,7.9,94.3,,DET @ NO,10.0,True,False
Cam Ward,Pass Yards,125.0,Over,-1000,0.1,221.1,94.1,model,NYJ @ TEN,140.0,True,False
Ja'Marr Chase,Receptions,4.5,Over,-670,0.15,10.2,94.1,,CIN @ TB,2.0,False,False
Ladd McConkey,rec_yds,19.5,Over,-1450,0.07,87.3,93.9,,ARI @ LAC,82.0,True,False
Jared Goff,Pass Yards,175.0,Over,-1400,0.07,289.9,93.9,model,DET @ NO,206.0,True,False
George Pickens,rec,2.5,Over,-1200,0.08,6.03,93.8,,DAL @ NYG,3.0,True,False
DK Metcalf,Receptions,1.5,Over,-1450,0.07,3.8,93.7,,PIT @ ATL,4.0,True,False
Kirk Cousins,pass_yds,124.5,Over,-1400,0.07,241.3,93.5,,MIA @ LV,160.0,True,False
DeVonta Smith,Receptions,2.5,Over,-1400,0.07,6.1,93.4,,WAS @ PHI,3.0,True,False
Jeremiyah Love,rush_yds,24.5,Over,-340,0.29,66.8,93.4,,ARI @ LAC,41.0,True,False
Michael Pittman,Rec Yards,14.5,Over,-850,0.12,51.5,93.3,,PIT @ ATL,58.0,True,False
Stefon Diggs,Rec Yards,14.5,Over,-1000,0.1,50.3,93.2,,WAS @ PHI,55.0,True,False
Kenyon Sadiq,Receptions,0.5,Over,-490,0.2,2.6,93.0,,NYJ @ TEN,3.0,True,False
CeeDee Lamb,rec,3.5,Over,-800,0.12,6.89,92.9,,DAL @ NYG,5.0,True,False
Jack Bech,rec,0.5,Over,-750,0.13,2.06,92.8,,MIA @ LV,3.0,True,False
DK Metcalf,Rec Yards,14.5,Over,-1400,0.07,53.4,92.8,,PIT @ ATL,40.0,True,False
Aaron Jones,rush_yds,9.5,Over,-1200,0.08,39.8,92.7,,GB @ MIN,40.0,True,False
Baker Mayfield,Pass Yards,150.0,Over,-1100,0.09,262.1,92.6,model,CIN @ TB,216.0,True,False
DeVonta Smith,Rec Yards,24.5,Over,-1450,0.07,80.5,92.6,,WAS @ PHI,53.0,True,False
Jordan Mason,rush_yds,14.5,Over,-1400,0.07,51.5,92.6,,GB @ MIN,59.0,True,False
Keenan Allen,Rec Yards,9.5,Over,-600,0.17,34.6,92.5,,IND @ BAL,32.0,True,False
Ladd McConkey,rec_yds,24.5,Over,-850,0.12,87.3,92.5,,ARI @ LAC,82.0,True,False
Jauan Jennings,rec,0.5,Over,-1450,0.07,2.02,92.5,,GB @ MIN,0.0,False,False
Justin Herbert,pass_yds,149.5,Over,-1000,0.1,266.3,92.5,,ARI @ LAC,209.0,True,False
Dallas Goedert,Receptions,1.5,Over,-1100,0.09,3.8,92.5,,WAS @ PHI,4.0,True,False
Malik Willis,pass_yds,124.5,Over,-550,0.18,243.5,92.4,,MIA @ LV,220.0,True,False
Mike Gesicki,Receptions,0.5,Over,-1600,0.06,1.9,92.3,,CIN @ TB,5.0,True,False
Tee Higgins,Receptions,2.5,Over,-1100,0.09,5.9,92.2,,CIN @ TB,3.0,True,False
Baker Mayfield,Rush Yards,5.0,Over,-670,0.15,27.2,92.2,"model (real historical SD, corrected)",CIN @ TB,31.0,True,False
Dallas Goedert,Rec Yards,9.5,Over,-1450,0.07,48.5,92.0,,WAS @ PHI,77.0,True,False
Keenan Allen,Receptions,1.5,Over,-670,0.15,3.1,92.0,,IND @ BAL,6.0,True,False
Ja'Marr Chase,Rec Yards,39.5,Over,-1400,0.07,117.8,91.6,,CIN @ TB,12.0,False,False
Terry McLaurin,Rec Yards,14.5,Over,-1800,0.06,53.1,91.6,,WAS @ PHI,14.0,False,False
Jayden Daniels,Pass Yards,125.0,Over,-1450,0.07,199.1,91.5,model,WAS @ PHI,164.0,True,False
Trey McBride,rec,3.5,Over,-750,0.13,6.31,91.4,,ARI @ LAC,9.0,True,False
Cooper Rush,Pass Yards,100.0,Over,-1800,0.06,175.0,91.4,ESTIMATE (not in model -- recent starter change),PIT @ ATL,143.0,True,False
Tyler Warren,Rec Yards,14.5,Over,-1600,0.06,49.5,91.4,,IND @ BAL,13.0,False,False
George Pickens,rec_yds,24.5,Over,-1600,0.06,83.5,91.3,,DAL @ NYG,28.0,True,False
Darnell Washington,Receptions,0.5,Over,-900,0.11,1.3,91.2,,PIT @ ATL,2.0,True,False
Darnell Mooney,rec,0.5,Over,-600,0.17,1.52,91.1,,DAL @ NYG,2.0,True,False
Jalen Nailor,rec,1.5,Over,-700,0.14,5.02,91.1,,MIA @ LV,3.0,True,False
Ladd McConkey,rec,3.5,Over,-320,0.31,7.3,91.1,,ARI @ LAC,5.0,True,False
Cade Otton,Receptions,1.5,Over,-750,0.13,3.2,91.0,,CIN @ TB,3.0,True,False
Tucker Kraft,rec_yds,14.5,Over,-1400,0.07,60.2,91.0,,GB @ MIN,65.0,True,False
Chris Godwin Jr.,Rec Yards,14.5,Over,-1450,0.07,49.3,91.0,,CIN @ TB,40.0,True,False
Jayden Reed,rec,1.5,Over,-1200,0.08,3.61,91.0,,GB @ MIN,3.0,True,False
Jeremiyah Love,rush_yds,29.5,Over,-225,0.44,66.8,90.8,,ARI @ LAC,41.0,True,False
Ladd McConkey,rec_yds,29.5,Over,-550,0.18,87.3,90.7,,ARI @ LAC,82.0,True,False
Aaron Rodgers,Pass Yards,125.0,Over,-1400,0.07,202.5,90.7,model,PIT @ ATL,221.0,True,False
Drake London,Rec Yards,19.5,Over,-1400,0.07,71.5,90.5,,PIT @ ATL,29.0,True,False
Ja'Marr Chase,Receptions,5.5,Over,-310,0.32,10.2,90.5,,CIN @ TB,2.0,False,False
Mark Andrews,Rec Yards,9.5,Over,-1400,0.07,43.3,90.5,,IND @ BAL,49.0,True,False
DeVonta Smith,Rec Yards,29.5,Over,-900,0.11,80.5,90.4,,WAS @ PHI,53.0,True,False
Chris Olave,Receptions,3.5,Over,-1000,0.1,7.1,90.4,,DET @ NO,10.0,True,False
Malik Nabers,rec_yds,19.5,Over,-1400,0.07,62.6,90.3,,DAL @ NYG,69.0,True,False
Jacory Croskey-Merritt,Rush Yards,15.0,Over,-1450,0.07,50.2,90.3,model,WAS @ PHI,63.0,True,False
Devaughn Vele,Rec Yards,9.5,Over,-1450,0.07,43.7,90.3,,DET @ NO,69.0,True,False
DK Metcalf,Rec Yards,19.5,Over,-750,0.13,53.4,90.2,,PIT @ ATL,40.0,True,False
Jacoby Brissett,pass_yds,149.5,Over,-750,0.13,229.8,90.1,,ARI @ LAC,277.0,True,False
Quentin Johnston,rec,1.5,Over,-750,0.13,4.56,90.1,,ARI @ LAC,2.0,True,False
Jalen Hurts,Pass Yards,150.0,Over,-670,0.15,240.0,90.0,model,WAS @ PHI,203.0,True,False
Stefon Diggs,Rec Yards,19.5,Over,-580,0.17,50.3,90.0,,WAS @ PHI,55.0,True,False
Michael Pittman,Rec Yards,19.5,Over,-470,0.21,51.5,90.0,,PIT @ ATL,58.0,True,False
T.J. Hockenson,rec_yds,4.5,Over,-1400,0.07,29.9,90.0,,GB @ MIN,36.0,True,False
Geno Smith,Pass Yards,125.0,Over,-1600,0.06,217.2,89.9,model,NYJ @ TEN,215.0,True,False
Garrett Wilson,Receptions,2.5,Over,-1800,0.06,5.6,89.9,,NYJ @ TEN,6.0,True,False
Bucky Irving,Receptions,0.5,Over,-1100,0.09,2.9,89.8,,CIN @ TB,7.0,True,False
Dak Prescott,pass_yds,174.5,Over,-1450,0.07,273.0,89.7,,DAL @ NYG,175.0,True,False
Michael Wilson,rec,1.5,Over,-1100,0.09,3.87,89.6,,ARI @ LAC,5.0,True,False
Jared Goff,Rush Yards,0.5,Over,142,1.42,8.4,89.6,"model (real historical SD, corrected)",DET @ NO,2.0,True,False
Kendrick Bourne,rec_yds,4.5,Over,-600,0.17,28.2,89.5,,ARI @ LAC,75.0,True,False
Derrick Henry,Rush Yards,40.0,Over,-1100,0.09,95.1,89.5,model,IND @ BAL,144.0,True,False
Drake London,Receptions,2.5,Over,-1100,0.09,5.6,89.5,,PIT @ ATL,2.0,False,False
George Pickens,rec_yds,29.5,Over,-1000,0.1,83.5,89.4,,DAL @ NYG,28.0,False,False
Tre Harris,rec_yds,4.5,Over,-1200,0.08,35.3,89.4,,ARI @ LAC,20.0,True,False
Chris Olave,Rec Yards,39.5,Over,-750,0.13,85.0,89.2,,DET @ NO,182.0,True,False
T.J. Hockenson,rec,1.5,Over,-550,0.18,2.92,89.2,,GB @ MIN,4.0,True,False
Jordan Mason,rush_yds,19.5,Over,-670,0.15,51.5,89.2,,GB @ MIN,59.0,True,False
Michael Pittman,Receptions,2.5,Over,-470,0.21,4.7,89.1,,PIT @ ATL,3.0,True,False
Greg Dulcich,rec_yds,4.5,Over,-1400,0.07,44.7,89.1,,MIA @ LV,18.0,True,False
Dallas Goedert,Rec Yards,14.5,Over,-700,0.14,48.5,89.0,,WAS @ PHI,77.0,True,False
Pat Freiermuth,Rec Yards,4.5,Over,-1450,0.07,21.3,89.0,,PIT @ ATL,46.0,True,False
Andrei Iosivas,Receptions,0.5,Over,-450,0.22,2.2,88.9,,CIN @ TB,2.0,True,False
Trey McBride,rec_yds,24.5,Over,-1200,0.08,59.9,88.8,,ARI @ LAC,95.0,True,False
Chig Okonkwo,Rec Yards,4.5,Over,-1450,0.07,27.7,88.8,,WAS @ PHI,16.0,True,False
Amon-Ra St. Brown,Rec Yards,39.5,Over,-850,0.12,95.0,88.8,,DET @ NO,67.0,True,False
Carnell Tate,Receptions,1.5,Over,-750,0.13,4.1,88.8,,NYJ @ TEN,4.0,True,False
Amon-Ra St. Brown,Receptions,4.5,Over,-470,0.21,7.9,88.8,,DET @ NO,10.0,True,False
Lamar Jackson,Pass Yards,150.0,Over,-850,0.12,220.1,88.7,model,IND @ BAL,324.0,True,False
Jared Goff,Pass Yards,200.0,Over,-580,0.17,289.9,88.7,model,DET @ NO,206.0,True,False
Terry McLaurin,Rec Yards,19.5,Over,-1000,0.1,53.1,88.7,,WAS @ PHI,14.0,False,False
Joe Burrow,Pass Yards,175.0,Over,-1400,0.07,283.3,88.7,model,CIN @ TB,254.0,True,False
Tony Pollard,Rush Yards,20.0,Over,-1800,0.06,63.1,88.7,model,NYJ @ TEN,35.0,True,False
Aaron Jones,rush_yds,14.5,Over,-500,0.2,39.8,88.6,,GB @ MIN,40.0,True,False
De'Von Achane,rec,1.5,Over,-1600,0.06,5.02,88.6,,MIA @ LV,4.0,True,False
Tucker Kraft,rec_yds,19.5,Over,-700,0.14,60.2,88.5,,GB @ MIN,65.0,True,False
Ja'Marr Chase,Rec Yards,49.5,Over,-600,0.17,117.8,88.5,,CIN @ TB,12.0,False,False
Chris Bell,rec,1.5,Over,-158,0.63,4.2,88.5,,MIA @ LV,1.0,False,False
Tyler Warren,Receptions,2.5,Over,-750,0.13,4.5,88.5,,IND @ BAL,3.0,True,False
Wan'Dale Robinson,Rec Yards,14.5,Over,-1100,0.09,44.1,88.3,,NYJ @ TEN,38.0,True,False
Rachaad White,Receptions,0.5,Over,-1400,0.07,2.3,88.3,,WAS @ PHI,2.0,True,False
Sam LaPorta,Rec Yards,14.5,Over,-1200,0.08,47.8,88.3,,DET @ NO,48.0,True,False
Jordan Love,pass_yds,149.5,Over,-1800,0.06,215.9,88.3,,GB @ MIN,387.0,True,False
Kirk Cousins,pass_yds,149.5,Over,-550,0.18,241.3,88.3,,MIA @ LV,160.0,True,False
Ashton Jeanty,rush_yds,24.5,Over,-1600,0.06,78.0,88.2,,MIA @ LV,102.0,True,False
Chris Bell,rec_yds,4.5,Over,-450,0.22,49.7,88.2,,MIA @ LV,25.0,True,False
Makai Lemon,Rec Yards,4.5,Over,-850,0.12,40.2,88.2,,WAS @ PHI,-5.0,False,False
Drake London,Rec Yards,24.5,Over,-750,0.13,71.5,88.2,,PIT @ ATL,29.0,True,False
Tee Higgins,Rec Yards,24.5,Over,-1200,0.08,78.0,88.2,,CIN @ TB,59.0,True,False
Malik Nabers,rec,3.5,Over,-330,0.3,5.62,88.1,,DAL @ NYG,6.0,True,False
Joe Burrow,Pass TDs,1.0,Over,-1600,0.06,2.104,88.1,model,CIN @ TB,1.0,False,False
Justin Herbert,rush_yds,4.5,Over,-1200,0.08,18.8,88.1,,ARI @ LAC,29.0,True,False
Rashod Bateman,Receptions,0.5,Over,-1200,0.08,1.6,88.1,,IND @ BAL,0.0,False,False
Mark Andrews,Receptions,1.5,Over,-700,0.14,3.5,88.1,,IND @ BAL,4.0,True,False
Chris Godwin Jr.,Receptions,2.5,Over,-500,0.2,4.2,88.0,,CIN @ TB,4.0,True,False
Theo Johnson,rec_yds,4.5,Over,-420,0.24,24.5,88.0,,DAL @ NYG,9.0,True,False
Tyler Allgeier,rush_yds,14.5,Over,-1400,0.07,28.6,88.0,,ARI @ LAC,61.0,True,False
Tyler Warren,Rec Yards,19.5,Over,-900,0.11,49.5,88.0,,IND @ BAL,13.0,False,False
Wan'Dale Robinson,Receptions,2.5,Over,-600,0.17,4.4,88.0,,NYJ @ TEN,5.0,True,False
Cam Ward,Pass Yards,150.0,Over,-450,0.22,221.1,87.9,model,NYJ @ TEN,140.0,False,False
Stefon Diggs,Receptions,2.5,Over,-400,0.25,4.3,87.9,,WAS @ PHI,4.0,True,False
Quentin Johnston,rec_yds,9.5,Over,-1600,0.06,53.8,87.7,,ARI @ LAC,17.0,True,False
Isaiah Likely,rec,1.5,Over,-800,0.12,3.07,87.6,,DAL @ NYG,8.0,True,False
Makai Lemon,Receptions,1.5,Over,-250,0.4,4.0,87.6,,WAS @ PHI,3.0,True,False
Keenan Allen,Rec Yards,14.5,Over,-330,0.3,34.6,87.6,,IND @ BAL,32.0,True,False
Emeka Egbuka,Rec Yards,19.5,Over,-1450,0.07,63.3,87.6,,CIN @ TB,63.0,True,False
Justin Herbert,pass_yds,174.5,Over,-470,0.21,266.3,87.5,,ARI @ LAC,209.0,True,False
Jalen Nailor,rec_yds,9.5,Over,-1200,0.08,64.6,87.5,,MIA @ LV,27.0,True,False
Alec Pierce,Rec Yards,9.5,Over,-1450,0.07,45.4,87.4,,IND @ BAL,61.0,True,False
Malik Nabers,rec_yds,24.5,Over,-750,0.13,62.6,87.4,,DAL @ NYG,69.0,True,False
Marvin Harrison Jr.,rec_yds,14.5,Over,-1400,0.07,49.5,87.3,,ARI @ LAC,33.0,True,False
Gunnar Helm,Rec Yards,4.5,Over,-900,0.11,19.7,87.2,,NYJ @ TEN,28.0,True,False
Chris Godwin Jr.,Rec Yards,19.5,Over,-750,0.13,49.3,87.1,,CIN @ TB,40.0,True,False
Jared Goff,Pass TDs,1.0,Over,-1400,0.07,2.042,87.1,model,DET @ NO,2.0,True,False
Malik Willis,pass_yds,149.5,Over,-260,0.38,243.5,87.1,,MIA @ LV,220.0,True,False
Devaughn Vele,Receptions,1.5,Over,-900,0.11,4.0,87.0,,DET @ NO,7.0,True,False
Jordan Addison,rec_yds,9.5,Over,-1600,0.06,44.5,87.0,,GB @ MIN,0.0,False,False
KaVontae Turpin,rec,0.5,Over,-275,0.36,1.38,87.0,,DAL @ NYG,1.0,True,False
Emeka Egbuka,Receptions,2.5,Over,-650,0.15,4.5,87.0,,CIN @ TB,5.0,True,False
Jordan Addison,rec,1.5,Over,-850,0.12,3.48,86.9,,GB @ MIN,0.0,False,False
Devaughn Vele,Rec Yards,14.5,Over,-750,0.13,43.7,86.8,,DET @ NO,69.0,True,False
Baker Mayfield,Pass Yards,175.0,Over,-470,0.21,262.1,86.8,model,CIN @ TB,216.0,True,False
Kyler Murray,pass_yds,149.5,Over,-750,0.13,245.4,86.7,,GB @ MIN,18.0,False,False
Mark Andrews,Rec Yards,14.5,Over,-650,0.15,43.3,86.7,,IND @ BAL,49.0,True,False
Jacory Croskey-Merritt,Rush Yards,20.0,Over,-670,0.15,50.2,86.7,model,WAS @ PHI,63.0,True,False
Caleb Douglas,rec_yds,4.5,Over,-850,0.12,40.4,86.7,,MIA @ LV,94.0,True,False
Kyler Murray,rush_yds,9.5,Over,-580,0.17,35.1,86.7,,GB @ MIN,9.0,False,False
DK Metcalf,Rec Yards,24.5,Over,-470,0.21,53.4,86.6,,PIT @ ATL,40.0,True,False
Kyle Pitts,Rec Yards,14.5,Over,-900,0.11,47.9,86.6,,PIT @ ATL,0.0,False,False
Jaxson Dart,pass_yds,124.5,Over,-1450,0.07,215.1,86.5,,DAL @ NYG,230.0,True,False
George Pickens,rec,3.5,Over,-360,0.28,6.03,86.5,,DAL @ NYG,3.0,False,False
Tre Tucker,rec,2.5,Over,-490,0.2,5.98,86.4,,MIA @ LV,2.0,False,False
CeeDee Lamb,rec_yds,39.5,Over,-700,0.14,86.5,86.4,,DAL @ NYG,44.0,True,False
Tre Tucker,rec_yds,14.5,Over,-1400,0.07,64.6,86.4,,MIA @ LV,27.0,True,False
Ladd McConkey,rec_yds,39.5,Over,-275,0.36,87.3,86.4,,ARI @ LAC,82.0,True,False
Rico Dowdle,Rush Yards,20.0,Over,-1200,0.08,48.9,86.3,model,PIT @ ATL,15.0,False,False
Michael Pittman,Rec Yards,24.5,Over,-310,0.32,51.5,86.3,,PIT @ ATL,58.0,True,False
DeVonta Smith,Receptions,3.5,Over,-420,0.24,6.1,86.2,,WAS @ PHI,3.0,False,False
Ashton Jeanty,rush_yds,29.5,Over,-900,0.11,78.0,86.1,,MIA @ LV,102.0,True,False
Baker Mayfield,Rush Yards,10.0,Over,-260,0.38,27.2,86.1,"model (real historical SD, corrected)",CIN @ TB,31.0,True,False
Jacoby Brissett,rush_yds,4.5,Over,-330,0.3,15.6,86.1,,ARI @ LAC,17.0,True,False
Chase Brown,Rush Yards,25.0,Over,-1400,0.07,65.8,86.1,model,CIN @ TB,56.0,True,False
Jameson Williams,Receptions,1.5,Over,-1600,0.06,4.3,85.8,,DET @ NO,4.0,True,False
Greg Dulcich,rec_yds,9.5,Over,-550,0.18,44.7,85.8,,MIA @ LV,18.0,True,False
Caleb Douglas,rec,1.5,Over,-230,0.43,3.39,85.8,,MIA @ LV,5.0,True,False
Jayden Reed,rec_yds,14.5,Over,-1000,0.1,45.8,85.7,,GB @ MIN,20.0,True,False
Michael Mayer,rec,2.5,Over,-700,0.14,4.61,85.7,,MIA @ LV,6.0,True,False
Michael Mayer,rec_yds,14.5,Over,-1100,0.09,40.9,85.7,,MIA @ LV,32.0,True,False
Tucker Kraft,rec_yds,24.5,Over,-440,0.23,60.2,85.7,,GB @ MIN,65.0,True,False
Tee Higgins,Rec Yards,29.5,Over,-700,0.14,78.0,85.7,,CIN @ TB,59.0,True,False
Rashod Bateman,Rec Yards,4.5,Over,-750,0.13,22.7,85.7,,IND @ BAL,0.0,False,False
Stefon Diggs,Rec Yards,24.5,Over,-360,0.28,50.3,85.6,,WAS @ PHI,55.0,True,False
Chris Bell,rec_yds,9.5,Over,-245,0.41,49.7,85.6,,MIA @ LV,25.0,True,False
Rachaad White,Rush Yards,10.0,Over,-750,0.13,29.5,85.6,model,WAS @ PHI,22.0,True,False
Tony Pollard,Rush Yards,25.0,Over,-850,0.12,63.1,85.6,model,NYJ @ TEN,35.0,True,False
Drake London,Rec Yards,29.5,Over,-490,0.2,71.5,85.5,,PIT @ ATL,29.0,False,False
Malik Washington,rec_yds,4.5,Over,-1450,0.07,42.9,85.5,,MIA @ LV,53.0,True,False
Daniel Jones,Pass Yards,150.0,Over,-1450,0.07,211.0,85.4,model,IND @ BAL,166.0,True,False
Malik Washington,rec,2.5,Over,-158,0.63,4.37,85.4,,MIA @ LV,3.0,False,False
Tucker Kraft,rec,2.5,Over,-450,0.22,4.63,85.4,,GB @ MIN,3.0,True,False
Tre Harris,rec,1.5,Over,-320,0.31,3.54,85.3,,ARI @ LAC,3.0,True,False
Garrett Wilson,Rec Yards,24.5,Over,-1200,0.08,64.1,85.3,,NYJ @ TEN,79.0,True,False
Jordan Mason,rush_yds,24.5,Over,-420,0.24,51.5,85.3,,GB @ MIN,59.0,True,False
Marvin Harrison Jr.,rec,1.5,Over,-1450,0.07,3.62,85.3,,ARI @ LAC,1.0,False,False
Tre Harris,rec_yds,9.5,Over,-500,0.2,35.3,85.3,,ARI @ LAC,20.0,True,False
Jalen Nailor,rec_yds,14.5,Over,-650,0.15,64.6,85.3,,MIA @ LV,27.0,True,False
Carnell Tate,Rec Yards,9.5,Over,-1200,0.08,40.9,85.3,,NYJ @ TEN,38.0,True,False
DeVonta Smith,Rec Yards,39.5,Over,-420,0.24,80.5,85.2,,WAS @ PHI,53.0,True,False
Jayden Daniels,Rush Yards,15.0,Over,-1200,0.08,42.8,85.2,"model (real historical SD, corrected)",WAS @ PHI,31.0,True,False
Dallas Goedert,Rec Yards,19.5,Over,-420,0.24,48.5,85.1,,WAS @ PHI,77.0,True,False
Michael Wilson,rec_yds,14.5,Over,-850,0.12,44.8,85.1,,ARI @ LAC,56.0,True,False
Breece Hall,Rec Yards,4.5,Over,-900,0.11,31.7,85.0,,NYJ @ TEN,16.0,True,False
CeeDee Lamb,rec,4.5,Over,-320,0.31,6.89,85.0,,DAL @ NYG,5.0,True,False
Baker Mayfield,Pass TDs,1.0,Over,-550,0.18,1.905,85.0,model,CIN @ TB,0.0,False,False
Jauan Jennings,rec_yds,4.5,Over,-750,0.13,24.8,85.0,,GB @ MIN,0.0,False,False
Quentin Johnston,rec_yds,14.5,Over,-800,0.12,53.8,85.0,,ARI @ LAC,17.0,True,False
Trey McBride,rec_yds,29.5,Over,-670,0.15,59.9,84.9,,ARI @ LAC,95.0,True,False
T.J. Hockenson,rec_yds,9.5,Over,-490,0.2,29.9,84.8,,GB @ MIN,36.0,True,False
Ja'Marr Chase,Receptions,6.5,Over,-158,0.63,10.2,84.8,,CIN @ TB,2.0,False,False
Cade Otton,Rec Yards,9.5,Over,-900,0.11,32.3,84.7,,CIN @ TB,26.0,True,False
Ja'Marr Chase,Rec Yards,59.5,Over,-350,0.29,117.8,84.6,,CIN @ TB,12.0,False,False
Terry McLaurin,Rec Yards,24.5,Over,-600,0.17,53.1,84.6,,WAS @ PHI,14.0,False,False
Bucky Irving,Rush Yards,25.0,Over,-1400,0.07,62.5,84.5,model,CIN @ TB,45.0,True,False
Makai Lemon,Rec Yards,9.5,Over,-420,0.24,40.2,84.5,,WAS @ PHI,-5.0,False,False
Sam LaPorta,Rec Yards,19.5,Over,-650,0.15,47.8,84.5,,DET @ NO,48.0,True,False
Derrick Henry,Rush Yards,50.0,Over,-500,0.2,95.1,84.5,model,IND @ BAL,144.0,True,False
Tee Higgins,Receptions,3.5,Over,-330,0.3,5.9,84.3,,CIN @ TB,3.0,False,False
Emeka Egbuka,Rec Yards,24.5,Over,-900,0.11,63.3,84.3,,CIN @ TB,63.0,True,False
Greg Dulcich,rec,1.5,Over,-350,0.29,2.95,84.2,,MIA @ LV,2.0,True,False
Malik Nabers,rec_yds,29.5,Over,-500,0.2,62.6,84.2,,DAL @ NYG,69.0,True,False
Isaiah Likely,rec_yds,9.5,Over,-1400,0.07,31.1,84.2,,DAL @ NYG,78.0,True,False
George Pickens,rec_yds,39.5,Over,-470,0.21,83.5,84.2,,DAL @ NYG,28.0,False,False
Amon-Ra St. Brown,Rec Yards,49.5,Over,-420,0.24,95.0,84.2,,DET @ NO,67.0,True,False
Dak Prescott,rush_yds,4.5,Over,-205,0.49,13.0,84.1,,DAL @ NYG,14.0,True,False
Kendrick Bourne,rec_yds,9.5,Over,-280,0.36,28.2,84.1,,ARI @ LAC,75.0,True,False
Tre Tucker,rec_yds,19.5,Over,-700,0.14,64.6,84.1,,MIA @ LV,27.0,True,False
Ladd McConkey,rec,4.5,Over,-146,0.68,7.3,84.0,,ARI @ LAC,5.0,True,False
Travis Etienne,Rec Yards,4.5,Over,-490,0.2,23.8,83.9,,DET @ NO,32.0,True,False
Marvin Harrison Jr.,rec_yds,19.5,Over,-700,0.14,49.5,83.8,,ARI @ LAC,33.0,True,False
Josh Downs,Rec Yards,14.5,Over,-1200,0.08,36.6,83.8,,IND @ BAL,37.0,True,False
Lamar Jackson,Pass TDs,1.0,Over,-650,0.15,1.823,83.8,model,IND @ BAL,1.0,False,False
Travis Etienne,Rush Yards,25.0,Over,-1400,0.07,49.9,83.8,model,DET @ NO,46.0,True,False
Wan'Dale Robinson,Rec Yards,19.5,Over,-580,0.17,44.1,83.7,,NYJ @ TEN,38.0,True,False
Jaxson Dart,rush_yds,14.5,Over,-670,0.15,40.1,83.7,,DAL @ NYG,59.0,True,False
Juwan Johnson,Rec Yards,14.5,Over,-1200,0.08,43.1,83.7,,DET @ NO,54.0,True,False
Jake Ferguson,rec_yds,9.5,Over,-1100,0.09,30.6,83.7,,DAL @ NYG,6.0,False,False
Sam LaPorta,Receptions,2.5,Over,-450,0.22,3.8,83.6,,DET @ NO,5.0,True,False
Tony Pollard,Receptions,0.5,Over,-600,0.17,2.9,83.6,,NYJ @ TEN,1.0,True,False
Jeremiyah Love,rush_yds,39.5,Over,-106,0.94,66.8,83.5,,ARI @ LAC,41.0,True,False
Jack Bech,rec_yds,4.5,Over,-490,0.2,26.6,83.5,,MIA @ LV,23.0,True,False
Alec Pierce,Rec Yards,14.5,Over,-750,0.13,45.4,83.4,,IND @ BAL,61.0,True,False
Tyler Warren,Rec Yards,24.5,Over,-500,0.2,49.5,83.4,,IND @ BAL,13.0,False,False
Jordan Addison,rec_yds,14.5,Over,-800,0.12,44.5,83.3,,GB @ MIN,0.0,False,False
Kenyon Sadiq,Rec Yards,4.5,Over,-340,0.29,24.8,83.3,,NYJ @ TEN,21.0,True,False
De'Von Achane,rec_yds,9.5,Over,-750,0.13,33.7,83.3,,MIA @ LV,30.0,True,False
Jameson Williams,Rec Yards,19.5,Over,-1400,0.07,66.1,83.2,,DET @ NO,45.0,True,False
Chig Okonkwo,Rec Yards,9.5,Over,-580,0.17,27.7,83.2,,WAS @ PHI,16.0,True,False
Darnell Mooney,rec_yds,4.5,Over,-470,0.21,19.6,83.2,,DAL @ NYG,27.0,True,False
Aaron Jones,rush_yds,19.5,Over,-280,0.36,39.8,83.2,,GB @ MIN,40.0,True,False
Caleb Douglas,rec_yds,9.5,Over,-440,0.23,40.4,83.2,,MIA @ LV,94.0,True,False
Bijan Robinson,Rush Yards,40.0,Over,-1200,0.08,71.0,83.0,model,PIT @ ATL,83.0,True,False
Darnell Washington,Rec Yards,4.5,Over,-490,0.2,12.9,83.0,,PIT @ ATL,18.0,True,False
Chase Brown,Rush Yards,30.0,Over,-750,0.13,65.8,82.9,model,CIN @ TB,56.0,True,False
Kyle Pitts,Rec Yards,19.5,Over,-490,0.2,47.9,82.8,,PIT @ ATL,0.0,False,False
Javonte Williams,rec,0.5,Over,-1200,0.08,3.73,82.8,,DAL @ NYG,5.0,True,False
Jalen Nailor,rec,2.5,Over,-215,0.47,5.02,82.8,,MIA @ LV,3.0,True,False
Saquon Barkley,Rush Yards,40.0,Over,-1000,0.1,88.4,82.7,model,WAS @ PHI,83.0,True,False
Chris Olave,Receptions,4.5,Over,-400,0.25,7.1,82.7,,DET @ NO,10.0,True,False
Bijan Robinson,Rec Yards,9.5,Over,-1400,0.07,28.6,82.7,,PIT @ ATL,90.0,True,False
Chris Olave,Rec Yards,49.5,Over,-400,0.25,85.0,82.7,,DET @ NO,182.0,True,False
Chris Godwin Jr.,Rec Yards,24.5,Over,-470,0.21,49.3,82.6,,CIN @ TB,40.0,True,False
Dak Prescott,pass_yds,199.5,Over,-650,0.15,273.0,82.6,,DAL @ NYG,175.0,False,False
Jalen Hurts,Rush Yards,10.0,Over,-1400,0.07,30.1,82.6,"model (real historical SD, corrected)",WAS @ PHI,48.0,True,False
Jacory Croskey-Merritt,Rush Yards,25.0,Over,-400,0.25,50.2,82.6,model,WAS @ PHI,63.0,True,False
Chase Brown,Rec Yards,4.5,Over,-1400,0.07,23.2,82.5,,CIN @ TB,22.0,True,False
Samaje Perine,Receptions,0.5,Over,-330,0.3,2.3,82.5,,CIN @ TB,3.0,True,False
Mike Gesicki,Rec Yards,4.5,Over,-850,0.12,18.7,82.5,,CIN @ TB,78.0,True,False
Chig Okonkwo,Receptions,1.5,Over,-470,0.21,2.8,82.5,,WAS @ PHI,2.0,True,False
Devaughn Vele,Rec Yards,19.5,Over,-450,0.22,43.7,82.4,,DET @ NO,69.0,True,False
Garrett Wilson,Rec Yards,29.5,Over,-700,0.14,64.1,82.4,,NYJ @ TEN,79.0,True,False
Jalen Hurts,Pass Yards,175.0,Over,-320,0.31,240.0,82.4,model,WAS @ PHI,203.0,True,False
Jalen Nailor,rec_yds,19.5,Over,-400,0.25,64.6,82.4,,MIA @ LV,27.0,True,False
Geno Smith,Pass Yards,150.0,Over,-650,0.15,217.2,82.4,model,NYJ @ TEN,215.0,True,False
Dak Prescott,pass_td,1.0,Over,-1100,0.09,1.75,82.4,,DAL @ NYG,2.0,True,False
Joe Burrow,Pass Yards,200.0,Over,-650,0.15,283.3,82.3,model,CIN @ TB,254.0,True,False
Tony Pollard,Rush Yards,30.0,Over,-490,0.2,63.1,82.3,model,NYJ @ TEN,35.0,True,False
Mark Andrews,Rec Yards,19.5,Over,-400,0.25,43.3,82.3,,IND @ BAL,49.0,True,False
Cam Skattebo,rush_yds,19.5,Over,-1450,0.07,45.3,82.3,,DAL @ NYG,81.0,True,False
Greg Dulcich,rec_yds,14.5,Over,-310,0.32,44.7,82.3,,MIA @ LV,18.0,True,False
Ashton Jeanty,rec,1.5,Over,-700,0.14,4.12,82.2,,MIA @ LV,6.0,True,False
Rico Dowdle,Rush Yards,25.0,Over,-650,0.15,48.9,82.2,model,PIT @ ATL,15.0,False,False
Mason Taylor,Rec Yards,4.5,Over,-850,0.12,18.0,82.2,,NYJ @ TEN,-2.0,False,False
Dontayvion Wicks,Rec Yards,4.5,Over,-1400,0.07,16.2,82.1,,WAS @ PHI,73.0,True,False
Malik Washington,rec_yds,9.5,Over,-600,0.17,42.9,81.9,,MIA @ LV,53.0,True,False
Kyler Murray,rush_yds,14.5,Over,-290,0.34,35.1,81.8,,GB @ MIN,9.0,False,False
Cooper Rush,Pass Yards,125.0,Over,-670,0.15,175.0,81.8,ESTIMATE (not in model -- recent starter change),PIT @ ATL,143.0,True,False
Jayden Daniels,Pass Yards,150.0,Over,-580,0.17,199.1,81.8,model,WAS @ PHI,164.0,True,False
Chris Bell,rec_yds,14.5,Over,-152,0.66,49.7,81.8,,MIA @ LV,25.0,True,False
Terry McLaurin,Receptions,2.5,Over,-440,0.23,4.0,81.7,,WAS @ PHI,2.0,False,False
Michael Pittman,Rec Yards,29.5,Over,-210,0.48,51.5,81.7,,PIT @ ATL,58.0,True,False
Jonathan Taylor,Rush Yards,40.0,Over,-1000,0.1,79.7,81.6,model,IND @ BAL,98.0,True,False
Javonte Williams,rec_yds,4.5,Over,-300,0.33,19.8,81.6,,DAL @ NYG,31.0,True,False
DK Metcalf,Rec Yards,29.5,Over,-330,0.3,53.4,81.6,,PIT @ ATL,40.0,True,False
Aaron Rodgers,Pass Yards,150.0,Over,-580,0.17,202.5,81.6,model,PIT @ ATL,221.0,True,False
Quentin Johnston,rec_yds,19.5,Over,-490,0.2,53.8,81.4,,ARI @ LAC,17.0,False,False
Tucker Kraft,rec_yds,29.5,Over,-300,0.33,60.2,81.4,,GB @ MIN,65.0,True,False
Jayden Reed,rec_yds,19.5,Over,-580,0.17,45.8,81.4,,GB @ MIN,20.0,True,False
Jordan Love,pass_td,1.0,Over,-600,0.17,1.69,81.4,,GB @ MIN,2.0,True,False
Jacoby Brissett,pass_yds,174.5,Over,-380,0.26,229.8,81.4,,ARI @ LAC,277.0,True,False
De'Von Achane,rush_yds,39.5,Over,-700,0.14,85.0,81.4,,MIA @ LV,36.0,False,False
Jordan Love,rush_yds,4.5,Over,-275,0.36,10.6,81.3,,GB @ MIN,0.0,False,False
Bucky Irving,Rush Yards,30.0,Over,-750,0.13,62.5,81.3,model,CIN @ TB,45.0,True,False
Tre Tucker,rec_yds,24.5,Over,-440,0.23,64.6,81.2,,MIA @ LV,27.0,False,False
Jared Goff,Pass Yards,225.0,Over,-280,0.36,289.9,81.2,model,DET @ NO,206.0,False,False
Theo Johnson,rec_yds,9.5,Over,-210,0.48,24.5,81.1,,DAL @ NYG,9.0,False,False
Carnell Tate,Rec Yards,14.5,Over,-650,0.15,40.9,81.1,,NYJ @ TEN,38.0,True,False
Emeka Egbuka,Rec Yards,29.5,Over,-580,0.17,63.3,81.1,,CIN @ TB,63.0,True,False
Jahmyr Gibbs,Receptions,1.5,Over,-1600,0.06,3.9,81.1,,DET @ NO,5.0,True,False
Jahmyr Gibbs,Rec Yards,9.5,Over,-1000,0.1,29.7,81.0,,DET @ NO,30.0,True,False
Keenan Allen,Rec Yards,19.5,Over,-210,0.48,34.6,81.0,,IND @ BAL,32.0,True,False
Trey McBride,rec,4.5,Over,-320,0.31,6.31,81.0,,ARI @ LAC,9.0,True,False
Pat Freiermuth,Rec Yards,9.5,Over,-550,0.18,21.3,81.0,,PIT @ ATL,46.0,True,False
Garrett Wilson,Receptions,3.5,Over,-550,0.18,5.6,81.0,,NYJ @ TEN,6.0,True,False
