team,player,this_game_target_share_pct,this_game_rush_share_pct
BAL,Rashod Bateman,17.0,
BAL,Devontez Walker,13.0,
BAL,LaJohntay Wester,9.0,
BAL,Elijah Surratt,0.0,
BAL,Mark Andrews,28.0,
BAL,Durham Smythe,9.0,
BAL,Matthew Hibner,7.0,
BAL,Derrick Henry,3.0,
BAL,Justice Hill,6.0,
BAL,Zay Flowers,0.0,
BAL,Jakobi Lane,0.0,
HOU,Xavier Hutchinson,17.0,
HOU,Kayshon Boutte,15.0,
HOU,Jaylin Noel,11.0,
HOU,Jared Wayne,6.0,
HOU,Dalton Schultz,23.0,
HOU,Foster Moreau,6.0,
HOU,Marlin Klein,3.0,
HOU,David Montgomery,7.0,
HOU,Woody Marks,8.0,
HOU,Nico Collins,0.0,
PIT,DK Metcalf,28.0,
PIT,Roman Wilson,16.0,
PIT,Robert Bernard,5.0,
PIT,Pat Freiermuth,19.0,
PIT,Ben Washington,11.0,
PIT,Jonnu Warren,8.0,
PIT,Kaleb Dowdle,6.0,
PIT,Michael Pittman,0.0,
NYJ,Garrett Wilson,31.7,
NYJ,Omar Cooper Jr.,0.0,
NYJ,Kenyon Sadiq,12.6,
NYJ,Mason Taylor,10.8,
NYJ,Jeremy Ruckert,2.3,
MIN,Justin Jefferson,32.6,
MIN,Jordan Addison,14.2,
MIN,T.J. Hockenson,14.0,
MIN,Aaron Jones,7.6,
MIN,Josh Oliver,7.3,
MIN,Jordan Mason,4.9,
MIN,DeeJay Dallas,4.5,
MIN,Tai Felton,3.9,
MIN,Jauan Jennings,0.0,
IND,Tyler Warren,21.0,
IND,Keenan Allen,17.0,
IND,Alec Pierce,16.3,
IND,Josh Downs,15.8,
IND,Jonathan Taylor,10.9,
IND,Ashton Dulin,0.0,
NO,Travis Etienne,,55.0
NO,Alvin Kamara,,30.0
NO,Audric Estime,,5.3
NO,Kendre Miller,,9.7
NE,Romeo Doubs,23.0,
NE,Mack Hollins,18.0,
NE,DeMario Douglas,16.0,
NE,Hunter Henry,15.0,
NE,Eli Raridon,5.0,
NE,Rhamondre Stevenson,8.0,
NE,TreVeyon Henderson,7.0,
NE,A.J. Brown,0.0,
JAX,Parker Washington,24.8,
JAX,Jakobi Meyers,16.0,
JAX,Brian Thomas Jr.,18.9,
JAX,Brenton Strange,13.0,
JAX,Travis Hunter,0.0,
DEN,Adam Trautman,10.3,
DEN,Courtland Sutton,18.9,
DEN,Evan Engram,11.2,
DEN,J.K. Dobbins,4.9,
DEN,Jaylen Waddle,18.4,
DEN,Jonah Coleman,7.0,30.0
DEN,Marvin Mims Jr.,0.0,
DEN,Pat Bryant,14.9,
DEN,RJ Harvey,0.0,0.0
DEN,Troy Franklin,8.8,
DEN,Tyler Badie,6.2,17.0
