player,position,week,opponent,mean_carries,sd_carries,mean_rush_yds,sd_rush_yds,mean_rec,sd_rec,mean_rec_yds,sd_rec_yds,mean_td,sd_td,mean_pts,sd_pts
Quinshon Judkins,RB,1,JAX,13.75,3.43,58.0,26.6,1.73,1.77,9.4,12.4,0.474,0.736,11.3,6.4
Dylan Sampson,RB,1,JAX,4.95,1.82,12.2,12.2,1.77,1.43,10.6,12.8,0.152,0.397,5.0,3.5
Raheim Sanders,RB,1,JAX,1.11,0.8,2.3,4.9,0.89,0.78,6.6,10.7,0.071,0.271,2.2,2.3
Quinshon Judkins,RB,2,TB,16.87,4.16,70.6,31.9,2.05,2.08,11.2,14.5,0.481,0.735,13.1,6.8
Dylan Sampson,RB,2,TB,5.92,2.19,14.4,14.1,2.13,1.72,12.6,15.3,0.159,0.414,5.8,3.9
Raheim Sanders,RB,2,TB,1.35,0.96,2.7,5.8,1.06,0.94,7.7,11.3,0.073,0.272,2.5,2.4
Quinshon Judkins,RB,3,CAR,16.61,4.22,68.7,31.3,1.99,2.08,10.8,14.2,0.478,0.73,12.8,6.7
Dylan Sampson,RB,3,CAR,5.68,2.09,13.7,13.5,2.06,1.65,12.3,14.8,0.163,0.414,5.6,3.8
Raheim Sanders,RB,3,CAR,1.29,0.93,2.5,5.8,1.04,0.91,7.6,11.8,0.061,0.252,2.4,2.4
Quinshon Judkins,RB,4,PIT,14.49,3.7,60.4,27.2,1.77,1.87,9.6,12.9,0.475,0.729,11.6,6.3
Dylan Sampson,RB,4,PIT,5.16,1.94,12.5,12.5,1.79,1.48,10.6,12.9,0.155,0.398,5.0,3.6
Raheim Sanders,RB,4,PIT,1.14,0.83,2.2,5.2,0.93,0.81,6.7,10.2,0.063,0.254,2.2,2.2
Quinshon Judkins,RB,5,NYJ,17.22,4.29,70.9,32.3,2.1,2.16,11.5,14.5,0.464,0.731,13.1,6.9
Dylan Sampson,RB,5,NYJ,5.91,2.17,14.2,14.0,2.14,1.72,13.1,15.6,0.151,0.407,5.8,3.9
Raheim Sanders,RB,5,NYJ,1.36,0.97,2.8,6.2,1.06,0.96,7.5,11.6,0.069,0.267,2.5,2.5
Quinshon Judkins,RB,6,BAL,13.92,3.47,58.3,26.7,1.66,1.72,8.9,11.6,0.474,0.737,11.2,6.3
Dylan Sampson,RB,6,BAL,5.04,1.82,12.4,12.2,1.77,1.47,10.2,12.2,0.146,0.389,4.9,3.5
Raheim Sanders,RB,6,BAL,1.14,0.81,2.4,5.3,0.88,0.8,6.2,9.0,0.062,0.247,2.1,2.1
Quinshon Judkins,RB,7,TEN,17.51,4.4,72.9,33.1,2.08,2.18,11.4,14.5,0.46,0.712,13.3,6.8
Dylan Sampson,RB,7,TEN,6.06,2.2,14.7,14.6,2.1,1.76,12.6,15.5,0.155,0.408,5.8,3.9
Raheim Sanders,RB,7,TEN,1.4,0.99,2.9,6.1,1.05,0.96,7.6,11.5,0.065,0.258,2.5,2.4
Quinshon Judkins,RB,8,PIT,14.7,3.76,61.0,27.1,1.73,1.8,9.7,12.4,0.47,0.725,11.6,6.3
Dylan Sampson,RB,8,PIT,5.22,1.91,12.6,12.3,1.79,1.49,10.8,13.1,0.155,0.395,5.1,3.6
Raheim Sanders,RB,8,PIT,1.16,0.82,2.3,4.9,0.93,0.82,7.0,10.5,0.062,0.249,2.2,2.2
Quinshon Judkins,RB,9,AVG,15.63,3.92,64.5,28.7,1.93,1.99,10.4,13.2,0.478,0.727,12.3,6.4
Dylan Sampson,RB,9,AVG,5.45,2.03,13.3,13.3,1.96,1.6,11.7,14.3,0.166,0.418,5.5,3.8
Raheim Sanders,RB,9,AVG,1.27,0.9,2.7,5.8,0.95,0.87,6.9,10.7,0.069,0.262,2.3,2.3
Quinshon Judkins,RB,10,HOU,12.85,3.31,53.7,23.9,1.66,1.68,8.9,11.4,0.408,0.611,10.4,5.3
Dylan Sampson,RB,10,HOU,4.53,1.64,10.9,10.7,1.68,1.36,9.8,11.7,0.152,0.389,4.7,3.4
Raheim Sanders,RB,10,HOU,1.02,0.74,2.0,4.4,0.83,0.73,5.9,8.6,0.056,0.235,1.9,1.9
Quinshon Judkins,RB,11,BYE,,,,,,,,,,,,
Dylan Sampson,RB,11,BYE,,,,,,,,,,,,
Raheim Sanders,RB,11,BYE,,,,,,,,,,,,
Quinshon Judkins,RB,12,LV,18.0,4.5,74.4,33.6,2.08,2.25,11.0,14.6,0.478,0.731,13.5,7.1
Dylan Sampson,RB,12,LV,6.19,2.3,14.7,14.7,2.17,1.76,13.3,16.7,0.158,0.394,5.9,4.1
Raheim Sanders,RB,12,LV,1.37,1.0,2.8,6.2,1.13,0.99,8.3,12.4,0.066,0.259,2.6,2.5
Quinshon Judkins,RB,13,CIN,17.03,4.21,71.8,32.0,2.16,2.23,11.3,14.7,0.496,0.742,13.5,7.1
Dylan Sampson,RB,13,CIN,6.03,2.23,14.9,14.6,2.08,1.73,12.0,14.5,0.165,0.41,5.8,3.9
Raheim Sanders,RB,13,CIN,1.37,0.96,2.9,6.1,1.06,0.94,7.7,11.7,0.072,0.277,2.5,2.5
Quinshon Judkins,RB,14,ATL,14.92,3.7,62.6,28.7,1.79,1.85,9.7,13.0,0.451,0.714,11.7,6.4
Dylan Sampson,RB,14,ATL,5.25,1.92,12.6,12.4,1.85,1.53,10.8,13.4,0.153,0.394,5.1,3.7
Raheim Sanders,RB,14,ATL,1.18,0.84,2.4,5.1,0.94,0.84,6.7,10.0,0.07,0.263,2.3,2.3
Quinshon Judkins,RB,15,NYG,16.46,4.12,68.9,30.7,2.07,2.17,10.9,14.6,0.495,0.746,13.0,6.8
Dylan Sampson,RB,15,NYG,5.74,2.08,13.9,13.9,2.01,1.65,12.0,15.3,0.165,0.411,5.6,3.9
Raheim Sanders,RB,15,NYG,1.28,0.92,2.6,5.6,1.04,0.9,7.3,10.6,0.074,0.278,2.5,2.4
Quinshon Judkins,RB,16,BAL,13.9,3.42,58.8,26.4,1.74,1.8,9.5,12.4,0.475,0.739,11.4,6.3
Dylan Sampson,RB,16,BAL,5.03,1.87,12.5,12.3,1.81,1.48,10.7,13.4,0.154,0.391,5.1,3.6
Raheim Sanders,RB,16,BAL,1.15,0.81,2.3,5.2,0.88,0.8,6.3,10.0,0.073,0.272,2.2,2.3
Quinshon Judkins,RB,17,IND,15.24,3.75,65.1,29.4,1.82,1.86,9.8,12.8,0.494,0.738,12.3,6.6
Dylan Sampson,RB,17,IND,5.39,2.0,13.0,12.7,1.92,1.54,11.5,14.2,0.143,0.376,5.2,3.6
Raheim Sanders,RB,17,IND,1.2,0.86,2.4,5.2,0.97,0.86,6.7,10.1,0.07,0.27,2.3,2.3
Quinshon Judkins,RB,18,CIN,17.04,4.28,71.2,32.3,2.09,2.17,11.3,14.8,0.478,0.728,13.2,7.0
Dylan Sampson,RB,18,CIN,6.03,2.18,14.3,14.6,2.1,1.74,12.6,16.0,0.152,0.395,5.7,3.8
Raheim Sanders,RB,18,CIN,1.38,0.97,2.7,6.1,1.04,0.94,7.6,12.5,0.068,0.27,2.5,2.4
