team,player,position,target_share_pct,rush_share_pct,wk1_target_share_pct,blended_target_share_pct,wk1_rush_share_pct,blended_rush_share_pct,ytd_games,ytd_target_share_pct,ytd_rush_share_pct
ARI,Bam Knight,RB,,,,0.0,,11.8,1.0,0.0,11.76470588235294
ARI,Elijah Higgins,TE,4.0,,,4.6,,,1.0,6.0,0.0
ARI,Hunter Long,TE,2.0,,,2.0,,,1.0,2.0,0.0
ARI,Jacoby Brissett,,,,,0.0,9.7,10.7,3.0,0.0,10.666666666666668
ARI,James Conner,RB,0.5,5.0,,0.5,,5.0,,,
ARI,Jeremiyah Love,RB,9.0,60.0,10.5,9.9,35.5,56.7,3.0,10.619469026548673,54.666666666666664
ARI,Kendrick Bourne,WR,10.0,,21.1,11.3,,,3.0,12.389380530973451,0.0
ARI,Marvin Harrison Jr.,WR,21.0,,7.9,13.7,,,3.0,7.964601769911504,0.0
ARI,Michael Wilson,WR,19.0,,18.4,23.7,,,3.0,27.43362831858407,0.0
ARI,Trey McBride,TE,25.0,,34.2,27.9,,,3.0,30.08849557522124,0.0
ARI,Tyler Allgeier,,,,5.3,7.1,54.8,32.0,3.0,7.079646017699115,32.0
ATL,Austin Hooper,TE,3.0,,,6.7,,,2.0,10.909090909090908,0.0
ATL,Bijan Robinson,RB,16.0,75.0,38.5,19.2,67.7,68.6,3.0,21.62162162162162,64.70588235294117
ATL,Brian Robinson,RB,0.5,20.0,,1.7,29.0,25.8,3.0,2.7027027027027026,29.411764705882355
ATL,Casey Washington,WR,2.0,,,2.0,,,,,
ATL,Chris Blair,WR,,,,7.3,,,2.0,7.2727272727272725,0.0
ATL,Drake London,WR,27.0,,15.4,26.3,3.2,2.0,3.0,25.675675675675674,1.9607843137254901
ATL,Jahan Dotson,WR,6.0,,11.5,10.2,,,3.0,13.513513513513514,0.0
ATL,Kyle Pitts,TE,18.0,,3.8,12.4,,,3.0,8.108108108108109,0.0
ATL,Olamide Zaccheaus,WR,13.0,,3.8,10.2,,,3.0,8.108108108108109,0.0
ATL,Zachariah Branch,WR,,,,7.3,,,2.0,7.2727272727272725,0.0
BAL,Chris Moore,,,,7.7,8.2,,,3.0,8.21917808219178,0.0
BAL,Derrick Henry,RB,4.0,60.0,3.8,5.6,70.6,66.3,3.0,6.8493150684931505,70.2127659574468
BAL,Devontez Walker,WR,2.0,,,3.9,,,2.0,6.122448979591836,0.0
BAL,Durham Smythe,TE,2.0,,3.8,2.8,,,2.0,3.7735849056603774,0.0
BAL,Elijah Surratt,WR,5.0,,,5.0,,,,,
BAL,Jakobi Lane,WR,8.0,,11.5,9.4,,,1.0,12.5,0.0
BAL,Josh Cuevas,TE,,,,5.0,,,1.0,5.0,0.0
BAL,Justice Hill,RB,5.0,25.0,3.8,4.5,17.6,18.1,3.0,4.10958904109589,13.829787234042554
BAL,LaJohntay Wester,,,,7.7,7.5,,,2.0,7.547169811320755,0.0
BAL,Lamar Jackson,,,,,0.0,11.8,14.9,3.0,0.0,14.893617021276595
BAL,Mark Andrews,TE,17.0,,23.1,21.3,,,3.0,24.65753424657534,0.0
BAL,Matthew Hibner,,,,3.8,6.8,,,2.0,6.8181818181818175,0.0
BAL,Rasheen Ali,RB,1.0,10.0,,1.0,,10.0,,,
BAL,Rashod Bateman,WR,9.0,,3.8,14.0,,,3.0,17.80821917808219,0.0
BAL,Zay Flowers,WR,29.0,,23.1,28.2,,1.4,2.0,27.27272727272727,1.3888888888888888
BUF,DJ Moore,WR,25.0,,25.0,23.1,,1.2,3.0,21.686746987951807,1.1764705882352942
BUF,Dalton Kincaid,TE,17.0,,18.8,19.0,,,3.0,20.481927710843372,0.0
BUF,Dawson Knox,TE,5.0,,3.1,4.9,,1.2,3.0,4.819277108433735,1.1764705882352942
BUF,Frank Gore Jr.,,,,,0.0,5.0,5.0,1.0,0.0,5.0
BUF,James Cook,RB,9.0,65.0,12.5,9.4,65.0,67.0,3.0,9.63855421686747,68.23529411764706
BUF,Josh Allen,,,,,1.2,25.0,27.1,3.0,1.2048192771084338,27.058823529411764
BUF,Josh Palmer,WR,4.0,,6.2,6.2,,,2.0,8.771929824561402,0.0
BUF,Keon Coleman,WR,7.0,,6.2,9.8,,,3.0,12.048192771084338,0.0
BUF,Khalil Shakir,WR,19.0,,18.8,18.5,,,3.0,18.072289156626507,0.0
BUF,Ray Davis,,,,,0.0,5.0,5.0,1.0,0.0,5.0
BUF,Ty Johnson,RB,3.0,14.0,,6.7,,14.0,1.0,15.384615384615385,0.0
CAR,AJ Dillon,,,,,0.9,22.7,17.9,3.0,0.9259259259259258,17.91044776119403
CAR,Bryce Young,,,,,0.0,9.1,4.5,3.0,0.0,4.477611940298507
CAR,Brycen Tremayne,WR,,,,14.3,,,1.0,14.285714285714285,0.0
CAR,Chuba Hubbard,RB,5.0,40.0,7.5,6.9,45.5,54.0,3.0,8.333333333333332,62.68656716417911
CAR,Darren Waller,,,,5.0,12.0,,,3.0,12.037037037037036,0.0
CAR,Ja'Tavion Sanders,TE,7.0,,,7.0,,,,,
CAR,Jalen Coker,WR,12.0,,22.5,16.7,,,3.0,20.37037037037037,0.0
CAR,Jimmy Horn Jr.,,,,2.5,2.9,,,1.0,2.941176470588235,0.0
CAR,John Metchie III,WR,4.0,,,6.4,,,1.0,11.904761904761903,0.0
CAR,Jonathon Brooks,,,,5.0,4.5,18.2,20.9,2.0,4.545454545454546,20.930232558139537
CAR,Kenny Pickett,,,,,0.0,4.5,4.5,1.0,0.0,4.545454545454546
CAR,Mitchell Evans,TE,2.0,,5.0,4.0,,,3.0,5.555555555555555,0.0
CAR,Tetairoa McMillan,WR,30.0,,20.0,25.1,,,3.0,21.296296296296298,0.0
CAR,Tommy Tremble,TE,5.0,,12.5,7.9,,,3.0,10.185185185185185,0.0
CAR,Xavier Legette,WR,16.0,,5.0,12.8,,,2.0,9.090909090909092,0.0
CHI,Caleb Williams,,,,,0.0,25.6,21.4,2.0,0.0,21.428571428571427
CHI,Cole Kmet,TE,6.0,,9.7,5.8,,,3.0,5.555555555555555,0.0
CHI,Colston Loveland,TE,18.0,,6.5,13.5,,,3.0,10.0,0.0
CHI,D'Andre Swift,RB,8.0,57.0,3.2,9.1,46.2,54.2,3.0,10.0,52.42718446601942
CHI,Jahdae Walker,,,,3.2,3.8,,,1.0,3.8461538461538463,0.0
CHI,Kalif Raymond,WR,4.0,,29.0,14.9,,,3.0,23.333333333333332,0.0
CHI,Kyle Monangai,RB,3.0,38.0,6.5,3.8,25.6,32.5,3.0,4.444444444444445,29.126213592233007
CHI,Luther Burden III,WR,20.0,,16.1,23.1,2.6,1.9,3.0,25.555555555555554,1.9417475728155338
CHI,Rome Odunze,WR,21.0,,9.7,17.3,,,3.0,14.444444444444443,0.0
CHI,Sam Roush,TE,,,,6.2,,,2.0,6.25,0.0
CHI,Scott Miller,WR,1.0,,,1.0,,,,,
CIN,Andrei Iosivas,WR,8.0,,8.3,7.1,,,2.0,6.153846153846154,0.0
CIN,Chase Brown,RB,14.0,70.0,16.7,13.3,61.5,72.6,3.0,12.745098039215685,74.24242424242425
CIN,Dohnte Meyers,,,,2.8,6.9,3.8,1.5,3.0,6.862745098039216,1.5151515151515151
CIN,Drew Sample,,,,8.3,7.0,,,2.0,7.042253521126761,0.0
CIN,Erick All,TE,,,,9.7,,,1.0,9.67741935483871,0.0
CIN,Ja'Marr Chase,WR,30.0,,11.1,26.9,,,3.0,24.509803921568626,0.0
CIN,Joe Burrow,,,,,0.0,15.4,9.1,3.0,0.0,9.090909090909092
CIN,Mike Gesicki,TE,6.0,,19.4,9.7,,,2.0,14.084507042253522,0.0
CIN,Samaje Perine,RB,3.0,18.0,8.3,5.2,19.2,16.2,3.0,6.862745098039216,15.151515151515152
CIN,Tanner Hudson,TE,4.0,,2.8,4.1,,,2.0,4.225352112676056,0.0
CIN,Tee Higgins,WR,20.0,,16.7,21.4,,,3.0,22.54901960784314,0.0
CLE,Blake Whiteheart,,,,3.7,5.8,,,2.0,5.769230769230769,0.0
CLE,Denzel Boston,WR,13.0,,14.8,16.5,,,3.0,19.27710843373494,0.0
CLE,Deshaun Watson,,,,,0.0,27.3,28.2,3.0,0.0,28.169014084507044
CLE,Dylan Sampson,RB,8.0,35.0,,8.0,,35.0,,,
CLE,Gage Larvadain,WR,0.5,,,0.5,,,,,
CLE,Harold Fannin Jr.,TE,17.0,,11.1,19.6,,,3.0,21.686746987951807,0.0
CLE,Isaiah Bond,WR,5.0,,,4.5,,,1.0,3.3333333333333335,0.0
CLE,Jamari Thrash,WR,1.0,,,1.0,,,,,
CLE,Jerry Jeudy,WR,16.0,,14.8,13.1,,,2.0,9.615384615384617,0.0
CLE,KC Concepcion,WR,17.0,,18.5,21.0,13.6,5.6,3.0,24.096385542168676,5.633802816901409
CLE,Quinshon Judkins,RB,6.0,55.0,7.4,8.7,54.5,57.6,3.0,10.843373493975903,59.154929577464785
CLE,Raheim Sanders,,,,11.1,10.8,4.5,5.6,3.0,10.843373493975903,5.633802816901409
DAL,Brevyn Spann-Ford,,,,5.9,4.2,,,2.0,4.225352112676056,0.0
DAL,CeeDee Lamb,WR,24.0,,23.5,24.8,5.6,1.4,3.0,25.49019607843137,1.4492753623188406
DAL,Dak Prescott,,,,,0.0,11.1,14.5,3.0,0.0,14.492753623188406
DAL,Emari Demercado,,,,,0.0,11.1,12.8,2.0,0.0,12.82051282051282
DAL,George Pickens,WR,24.0,,17.6,24.3,,,3.0,24.509803921568626,0.0
DAL,Hunter Luepke,,,,,0.0,5.6,5.1,2.0,0.0,5.128205128205128
DAL,Jake Ferguson,TE,11.0,,5.9,10.9,,,3.0,10.784313725490197,0.0
DAL,Javonte Williams,RB,6.0,70.0,14.7,9.2,66.7,65.3,3.0,11.76470588235294,62.31884057971014
DAL,Jonathan Mingo,,,,2.9,3.3,,,1.0,3.3333333333333335,0.0
DAL,KaVontae Turpin,WR,5.0,,2.9,3.8,,2.9,3.0,2.941176470588235,2.898550724637681
DAL,Luke Schoonmaker,TE,2.0,,2.9,2.4,,,2.0,2.8169014084507045,0.0
DAL,Ryan Flournoy,WR,12.0,,11.8,15.2,,,3.0,17.647058823529413,0.0
DAL,Tyler Goodson,RB,,,,2.4,,20.0,1.0,2.4390243902439024,20.0
DEN,Adam Trautman,,,,9.4,11.1,,,1.0,11.11111111111111,0.0
DEN,Bo Nix,,,,,0.0,14.3,12.5,3.0,0.0,12.5
DEN,Courtland Sutton,WR,19.0,,15.6,18.4,,,3.0,17.97752808988764,0.0
DEN,Evan Engram,TE,8.0,,15.6,8.6,,,3.0,8.98876404494382,0.0
DEN,J.K. Dobbins,RB,4.0,40.0,,3.0,57.1,49.1,3.0,2.247191011235955,54.6875
DEN,Jaylen Waddle,WR,21.0,,9.4,22.5,,1.6,3.0,23.595505617977526,1.5625
DEN,Jonah Coleman,RB,3.0,15.0,,5.2,,23.8,1.0,10.344827586206897,40.0
DEN,Lil'Jordan Humphrey,WR,3.0,,,3.1,,,1.0,3.4482758620689653,0.0
DEN,Marvin Mims Jr.,WR,7.0,,,7.0,,,,,
DEN,Nate Adkins,TE,,,,8.1,,2.0,2.0,8.064516129032258,2.0
DEN,Pat Bryant,WR,12.0,,18.8,11.6,,1.6,3.0,11.235955056179774,1.5625
DEN,RJ Harvey,RB,5.0,30.0,12.5,11.2,21.4,21.1,2.0,18.333333333333332,12.82051282051282
DEN,Troy Franklin,WR,10.0,,3.1,6.9,7.1,1.6,3.0,4.49438202247191,1.5625
DEN,Tyler Badie,RB,3.0,5.0,,4.6,,4.5,2.0,6.451612903225806,4.0
DET,Amon-Ra St. Brown,WR,28.0,,35.0,30.5,,,3.0,32.407407407407405,0.0
DET,Brock Wright,TE,4.0,,2.5,4.1,,,2.0,4.285714285714286,0.0
DET,Greg Dortch,WR,3.0,,,3.0,,,,,
DET,Isaac TeSlaa,WR,5.0,,2.5,6.9,,,3.0,8.333333333333332,0.0
DET,Isiah Pacheco,RB,2.0,20.0,,2.0,,20.0,,,
DET,Jahmyr Gibbs,RB,16.0,75.0,12.5,17.9,87.9,78.2,3.0,19.444444444444446,80.24691358024691
DET,Jameson Williams,WR,20.0,,22.5,17.6,,,3.0,15.74074074074074,0.0
DET,Jared Goff,,,,,0.0,6.1,8.6,3.0,0.0,8.641975308641975
DET,Sam LaPorta,TE,13.0,,20.0,15.6,,,3.0,17.59259259259259,0.0
DET,Sione Vaki,,,,2.5,2.8,6.1,11.1,3.0,2.7777777777777777,11.11111111111111
GB,Bo Melton,,,,2.2,2.5,,,3.0,2.5,0.0
GB,Chris Brooks,RB,2.0,5.0,2.2,2.8,33.3,16.1,3.0,3.3333333333333335,22.916666666666664
GB,Christian Watson,WR,18.0,,17.4,21.5,,,3.0,24.166666666666668,0.0
GB,J. Michael Sturdivant,WR,,,,5.9,,,1.0,5.88235294117647,0.0
GB,Jayden Reed,WR,16.0,,15.2,14.0,,,2.0,11.594202898550725,0.0
GB,Jonnu Smith,,,,6.5,6.6,,,2.0,6.593406593406594,0.0
GB,Jordan Love,,,,,0.0,4.8,4.2,3.0,0.0,4.166666666666666
GB,Josh Jacobs,RB,8.0,60.0,,8.0,,60.0,,,
GB,Kaleb Johnson,RB,,,,3.8,,44.4,2.0,3.75,44.44444444444444
GB,Luke Musgrave,TE,2.0,,,2.0,,,,,
GB,MarShawn Lloyd,RB,5.0,30.0,2.2,5.0,61.9,41.1,3.0,5.0,47.91666666666667
GB,Matthew Golden,WR,13.0,,26.1,19.8,,,3.0,25.0,0.0
GB,Savion Williams,WR,3.0,,,3.0,,,,,
GB,Skyy Moore,,,,2.2,9.2,,,3.0,9.166666666666666,0.0
GB,Tucker Kraft,TE,20.0,,13.0,16.7,,,3.0,14.166666666666666,0.0
HOU,C.J. Stroud,,,,,0.0,6.2,9.9,3.0,0.0,9.859154929577464
HOU,Cade Stover,TE,4.0,,2.4,3.6,,,1.0,2.7027027027027026,0.0
HOU,Dalton Schultz,TE,15.0,,19.5,19.1,,,3.0,22.321428571428573,0.0
HOU,David Montgomery,RB,6.0,60.0,7.3,6.1,62.5,55.1,3.0,6.25,52.112676056338024
HOU,Foster Moreau,,,,4.9,7.1,,,3.0,7.142857142857142,0.0
HOU,Jared Wayne,,,,2.4,10.7,,,3.0,10.714285714285714,0.0
HOU,Jayden Higgins,WR,0.0,,,0.0,,,,,
HOU,Jaylin Noel,WR,8.0,,4.9,8.0,,2.8,3.0,8.035714285714286,2.8169014084507045
HOU,Kayshon Boutte,WR,10.0,,4.9,8.9,,,3.0,8.035714285714286,0.0
HOU,Marlin Klein,,,,2.4,2.7,,,1.0,2.7027027027027026,0.0
HOU,Nico Collins,WR,25.0,,24.4,25.6,3.1,3.1,1.0,27.027027027027028,3.125
HOU,Tank Dell,WR,8.0,,,8.0,,,,,
HOU,Woody Marks,RB,6.0,35.0,2.4,6.6,28.1,32.5,3.0,7.142857142857142,30.985915492957744
HOU,Xavier Hutchinson,WR,11.0,,14.6,15.4,,2.8,3.0,18.75,2.8169014084507045
IND,Alec Pierce,WR,14.0,,18.2,13.0,,,2.0,11.864406779661017,0.0
IND,Andrew Ogletree,TE,1.0,,3.0,2.1,,,2.0,3.389830508474576,0.0
IND,Ashton Dulin,WR,6.0,,3.0,5.2,,,1.0,3.4482758620689653,0.0
IND,Daniel Jones,,,,,0.0,5.0,8.4,3.0,0.0,8.433734939759036
IND,Jonathan Taylor,RB,9.0,80.0,12.1,10.5,95.0,79.7,3.0,11.702127659574469,79.51807228915662
IND,Josh Downs,WR,16.0,,12.1,21.4,,,3.0,25.53191489361702,0.0
IND,Keenan Allen,WR,15.0,,18.2,18.5,,,3.0,21.27659574468085,0.0
IND,Laquon Treadwell,,,,3.0,5.3,,,3.0,5.319148936170213,0.0
IND,Mo Alie-Cox,TE,3.0,,,3.0,,,1.0,2.857142857142857,0.0
IND,Nick Westbrook-Ikhine,WR,2.0,,,2.0,,,,,
IND,Seth McGowan,,,,3.0,1.1,,7.2,3.0,1.0638297872340425,7.228915662650602
IND,Tyler Warren,TE,22.0,,15.2,22.8,,2.4,3.0,23.404255319148938,2.4096385542168677
JAX,Ameer Abdullah,RB,1.0,,4.2,2.7,13.8,12.0,3.0,3.9473684210526314,12.048192771084338
JAX,Bhayshul Tuten,RB,7.0,45.0,4.2,6.8,51.7,49.2,3.0,6.578947368421052,51.80722891566265
JAX,Brenton Strange,TE,11.0,,12.5,12.2,,,3.0,13.157894736842104,0.0
JAX,Brian Thomas Jr.,WR,18.0,,12.5,16.8,,,3.0,15.789473684210526,0.0
JAX,Chris Rodriguez Jr.,,,,,0.0,20.7,24.1,3.0,0.0,24.096385542168676
JAX,Jakobi Meyers,WR,15.0,,8.3,14.7,3.4,1.2,3.0,14.473684210526317,1.2048192771084338
JAX,Josh Cameron,,,,8.3,8.3,,,2.0,8.333333333333332,0.0
JAX,LeQuint Allen Jr.,RB,,,,5.5,,,2.0,5.454545454545454,0.0
JAX,Nate Boerkircher,,,,4.2,4.2,,,2.0,4.166666666666666,0.0
JAX,Parker Washington,WR,19.0,,25.0,25.3,,,3.0,30.263157894736842,0.0
JAX,Quintin Morris,,,,4.2,4.1,,,2.0,4.081632653061225,0.0
JAX,Travis Hunter,WR,14.0,,4.2,11.2,3.4,3.4,1.0,4.761904761904762,3.4482758620689653
JAX,Trevor Lawrence,,,,,0.0,6.9,9.6,3.0,0.0,9.63855421686747
KC,Brashard Smith,RB,5.0,15.0,,4.8,,15.0,1.0,4.3478260869565215,0.0
KC,Cyrus Allen,WR,4.0,,3.4,4.0,,,1.0,4.0,0.0
KC,Emmett Johnson,,,,6.9,4.4,22.9,18.0,3.0,4.395604395604396,17.97752808988764
KC,Jake Briningstool,,,,3.4,4.2,,,2.0,4.166666666666666,0.0
KC,Jalen Royals,WR,5.0,,,4.8,,,2.0,4.545454545454546,0.0
KC,Kenneth Walker III,RB,10.0,65.0,20.7,15.5,65.7,70.0,3.0,19.78021978021978,73.03370786516854
KC,Noah Gray,TE,7.0,,3.4,6.2,,,3.0,5.4945054945054945,0.0
KC,Patrick Mahomes,,,,,0.0,11.4,7.9,3.0,0.0,7.865168539325842
KC,Rashee Rice,WR,21.0,,6.9,19.7,,,3.0,18.681318681318682,0.0
KC,Travis Kelce,TE,16.0,,17.2,18.1,,,3.0,19.78021978021978,0.0
KC,Tyquan Thornton,WR,6.0,,3.4,7.0,,,3.0,7.6923076923076925,0.0
KC,Xavier Worthy,WR,14.0,,20.7,15.4,,,3.0,16.483516483516482,0.0
LA,Blake Corum,RB,3.0,35.0,,4.0,35.7,36.1,3.0,4.716981132075472,36.84210526315789
LA,CJ Daniels,WR,2.0,,,2.0,,,,,
LA,Colby Parkinson,TE,7.0,,7.1,5.7,,,3.0,4.716981132075472,0.0
LA,Davante Adams,WR,15.0,,21.4,22.0,,,3.0,27.358490566037734,0.0
LA,Davis Allen,TE,3.0,,3.6,4.0,,,3.0,4.716981132075472,0.0
LA,Jordan Whittington,WR,3.0,,3.6,3.2,,,1.0,3.7037037037037033,0.0
LA,Konata Mumpfield,WR,5.0,,3.6,8.0,,,3.0,10.377358490566039,0.0
LA,Kyren Williams,RB,7.0,60.0,10.7,9.4,39.3,53.8,3.0,11.320754716981133,50.0
LA,Matthew Stafford,,,,,0.0,3.6,5.3,3.0,0.0,5.263157894736842
LA,Puka Nacua,WR,27.0,,32.1,28.9,,,1.0,33.33333333333333,0.0
LA,Ronnie Rivers,,,,3.6,3.7,17.9,17.9,1.0,3.7037037037037033,17.857142857142858
LA,Stetson Bennett,,,,,0.0,3.6,3.6,1.0,0.0,3.571428571428571
LA,Terrance Ferguson,TE,7.0,,3.6,9.4,,,3.0,11.320754716981133,0.0
LA,Tutu Atwell,WR,6.0,,,6.2,,,1.0,6.666666666666667,0.0
LA,Tyler Higbee,TE,6.0,,7.1,11.1,,,2.0,17.105263157894736,0.0
LAC,Alec Ingold,FB,,,,12.1,,,1.0,12.121212121212121,0.0
LAC,Brendan Thompson,RB,3.0,,,3.0,,,,,
LAC,Brenen Thompson,WR,,,,11.5,,,1.0,11.538461538461538,0.0
LAC,Charlie Kolar,TE,4.0,,,6.3,,,1.0,11.538461538461538,0.0
LAC,David Njoku,TE,7.0,,16.7,10.7,,,2.0,15.09433962264151,0.0
LAC,Derius Davis,,,,3.3,3.8,,,2.0,3.7735849056603774,0.0
LAC,Justin Herbert,,,,,0.0,23.8,14.8,3.0,0.0,14.814814814814813
LAC,KeAndre Lambert-Smith,WR,4.0,,,4.0,,,,,
LAC,Keaton Mitchell,RB,5.0,25.0,,4.8,19.0,22.5,3.0,4.651162790697675,20.98765432098765
LAC,Kimani Vidal,RB,2.0,10.0,,4.1,,7.8,1.0,9.090909090909092,3.571428571428571
LAC,Ladd McConkey,WR,23.0,,23.3,19.9,,,3.0,17.441860465116278,0.0
LAC,Omarion Hampton,RB,10.0,60.0,,6.3,57.1,61.1,3.0,3.488372093023256,61.72839506172839
LAC,Oronde Gadsden II,TE,6.0,,6.7,7.2,,,3.0,8.13953488372093,0.0
LAC,Quentin Johnston,WR,17.0,,20.0,18.6,,1.2,3.0,19.767441860465116,1.2345679012345678
LAC,Tre Harris,WR,11.0,,20.0,15.3,,,3.0,18.6046511627907,0.0
LV,Ashton Jeanty,RB,12.0,75.0,20.0,16.0,67.6,74.5,3.0,19.101123595505616,74.11764705882354
LV,Brock Bowers,TE,25.0,,,30.1,,,1.0,41.935483870967744,0.0
LV,Cody White,,,,3.3,6.7,,,3.0,6.741573033707865,0.0
LV,Connor Heyward,,,,,0.0,2.9,3.3,2.0,0.0,3.3333333333333335
LV,Dont'e Thornton Jr.,WR,5.0,,,5.0,,,,,
LV,Ian Thomas,TE,1.0,,,1.7,,,1.0,3.4482758620689653,0.0
LV,Jack Bech,WR,4.0,,13.3,6.9,,,2.0,10.344827586206897,0.0
LV,Jalen Nailor,WR,11.0,,16.7,11.8,,,3.0,12.359550561797752,0.0
LV,Kirk Cousins,,,,,0.0,5.9,4.7,3.0,0.0,4.705882352941177
LV,Malik Benson,,,,6.7,4.5,2.9,1.2,3.0,4.49438202247191,1.1764705882352942
LV,Michael Mayer,TE,7.0,,23.3,11.9,,,3.0,15.730337078651685,0.0
LV,Mike Washington Jr.,RB,3.0,15.0,,1.9,20.6,16.6,3.0,1.1235955056179776,17.647058823529413
LV,Tre Tucker,WR,13.0,,13.3,15.2,,,3.0,16.853932584269664,0.0
MIA,Caleb Douglas,WR,12.0,,21.9,15.7,,,2.0,20.0,0.0
MIA,Chris Bell,WR,15.0,,6.2,13.2,,,3.0,11.76470588235294,0.0
MIA,DJ Herman,RB,,,,13.0,,,1.0,13.043478260869565,0.0
MIA,De'Von Achane,RB,18.0,75.0,15.6,15.8,61.1,55.6,3.0,14.117647058823529,43.58974358974359
MIA,Greg Dulcich,TE,11.0,,6.2,12.8,,,3.0,14.117647058823529,0.0
MIA,Jalen Tolbert,WR,10.0,,,10.0,,,,,
MIA,Jaylen Wright,RB,2.0,7.0,,1.1,5.6,6.7,2.0,0.0,6.382978723404255
MIA,Kevin Coleman Jr.,WR,3.0,,6.2,6.1,,,2.0,9.67741935483871,0.0
MIA,Malik Washington,WR,15.0,,25.0,21.8,,3.8,3.0,27.058823529411764,3.8461538461538463
MIA,Malik Willis,,,,,0.0,33.3,21.8,3.0,0.0,21.794871794871796
MIA,Ollie Gordon II,RB,2.0,13.0,,3.5,,23.5,2.0,5.172413793103448,33.33333333333333
MIA,Ryan Miller,WR,,,,6.9,,,2.0,6.896551724137931,0.0
MIA,Will Kacmarek,,,,3.1,4.0,,,2.0,4.0,0.0
MIN,Aaron Jones,RB,8.0,40.0,3.6,9.3,38.7,54.5,3.0,10.294117647058822,63.41463414634146
MIN,Carson Wentz,,,,,0.0,6.5,8.5,2.0,0.0,8.47457627118644
MIN,DeeJay Dallas,,,,3.6,2.9,,3.7,3.0,2.941176470588235,3.6585365853658534
MIN,Jauan Jennings,WR,9.0,,3.6,7.7,,,2.0,6.122448979591836,0.0
MIN,Jordan Addison,WR,16.0,,7.1,20.2,,,3.0,23.52941176470588,0.0
MIN,Jordan Mason,RB,4.0,45.0,,2.8,48.4,46.2,1.0,0.0,48.38709677419355
MIN,Josh Oliver,TE,3.0,,14.3,7.0,,,2.0,11.627906976744185,0.0
MIN,Justin Jefferson,WR,30.0,,35.7,28.0,,,3.0,26.47058823529412,0.0
MIN,Kyler Murray,,,,,0.0,6.5,7.4,2.0,0.0,7.4074074074074066
MIN,Myles Price,WR,,,,5.3,,,1.0,5.263157894736842,0.0
MIN,T.J. Hockenson,TE,11.0,,17.9,15.6,,,3.0,19.11764705882353,0.0
MIN,Tai Felton,WR,3.0,,,4.5,,,1.0,8.0,0.0
NE,A.J. Brown,WR,26.0,,11.1,22.1,,,1.0,12.903225806451612,0.0
NE,Corey Kiner,,,,,1.2,19.4,16.9,3.0,1.2195121951219512,16.867469879518072
NE,DeMario Douglas,WR,12.0,,19.4,14.9,,,3.0,17.073170731707318,0.0
NE,Drake Maye,,,,,0.0,22.6,15.7,3.0,0.0,15.66265060240964
NE,Efton Chism III,WR,,,,5.9,,,2.0,5.88235294117647,0.0
NE,Eli Raridon,TE,3.0,,2.8,3.4,,,2.0,3.8461538461538463,0.0
NE,Hunter Henry,TE,12.0,,8.3,12.1,,,3.0,12.195121951219512,0.0
NE,Kyle Williams,WR,5.0,,,7.2,,,2.0,9.803921568627452,0.0
NE,Lan Larison,,,,5.6,6.5,,,1.0,6.451612903225806,0.0
NE,Mack Hollins,WR,9.0,,13.9,14.9,,,3.0,19.51219512195122,0.0
NE,Reggie Gilliam,RB,,,,9.5,,,1.0,9.523809523809524,0.0
NE,Rhamondre Stevenson,RB,5.0,50.0,16.7,9.7,58.1,42.2,3.0,13.414634146341465,37.34939759036144
NE,Romeo Doubs,WR,19.0,,8.3,15.9,,,3.0,13.414634146341465,0.0
NE,TreVeyon Henderson,RB,6.0,45.0,,4.1,,45.6,2.0,1.9607843137254901,46.15384615384615
NO,Alvin Kamara,RB,7.0,30.0,,8.3,,31.4,2.0,9.722222222222223,32.72727272727273
NO,Barion Brown,,,,,0.0,4.0,4.0,1.0,0.0,4.0
NO,Bryce Lance,,,,8.2,7.2,,,3.0,7.199999999999999,0.0
NO,CJ Donaldson,,,,3.3,1.6,8.0,5.0,3.0,1.6,5.0
NO,Chris Olave,WR,28.0,,21.3,28.4,,,3.0,28.799999999999997,0.0
NO,Devaughn Vele,WR,16.0,,14.8,16.9,,,3.0,17.599999999999998,0.0
NO,Devin Neal,RB,3.0,5.0,,3.0,,5.0,,,
NO,Jordyn Tyson,WR,7.0,,,7.0,,,,,
NO,Juwan Johnson,TE,16.0,,11.5,15.6,,,3.0,15.2,0.0
NO,Kendre Miller,,,,,3.2,36.0,24.5,2.0,3.225806451612903,24.528301886792452
NO,Kevin Austin Jr.,WR,4.0,,,3.7,,,1.0,3.125,0.0
NO,Noah Fant,TE,4.0,,13.1,8.1,,,2.0,12.903225806451612,0.0
NO,Travis Etienne,RB,7.0,55.0,14.8,8.9,36.0,45.0,3.0,10.4,38.75
NO,Tyler Shough,,,,,0.0,16.0,16.2,3.0,0.0,16.25
NYG,Calvin Austin III,WR,6.0,,,6.0,,,,,
NYG,Cam Skattebo,RB,6.0,50.0,,8.1,52.9,54.6,3.0,9.75609756097561,57.47126436781609
NYG,Darius Slayton,WR,8.0,,,8.0,,,,,
NYG,Darnell Mooney,WR,7.0,,6.5,8.6,,1.1,3.0,9.75609756097561,1.1494252873563218
NYG,Devin Singletary,RB,2.0,15.0,12.9,4.9,17.6,15.7,2.0,8.19672131147541,16.363636363636363
NYG,Isaiah Likely,TE,11.0,,25.8,20.6,,,3.0,28.04878048780488,0.0
NYG,Jaxson Dart,,,,,0.0,23.5,14.5,2.0,0.0,14.545454545454545
NYG,JuJu Smith-Schuster,WR,6.0,,,6.0,,,,,
NYG,Malachi Fields,WR,4.0,,12.9,10.0,,,3.0,14.634146341463413,0.0
NYG,Malik Nabers,WR,25.0,,29.0,24.0,,,3.0,23.170731707317074,0.0
NYG,Najee Harris,RB,,,,0.0,,24.5,2.0,0.0,24.528301886792452
NYG,Patrick Ricard,,,,3.2,3.4,,,1.0,3.4482758620689653,0.0
NYG,Theo Johnson,TE,9.0,,3.2,8.6,,,2.0,8.19672131147541,0.0
NYG,Tyrone Tracy Jr.,RB,7.0,30.0,,3.8,5.9,16.8,2.0,0.0,4.545454545454546
NYJ,Adonai Mitchell,WR,16.0,,12.5,20.3,,,2.0,25.423728813559322,0.0
NYJ,Arian Smith,,,,4.2,4.3,,,1.0,4.3478260869565215,0.0
NYJ,Braelon Allen,,,,4.2,5.2,27.8,23.2,3.0,5.154639175257731,23.170731707317074
NYJ,Breece Hall,RB,7.0,70.0,8.3,8.9,61.1,65.2,3.0,10.309278350515463,62.19512195121951
NYJ,Garrett Wilson,WR,25.0,,29.2,27.2,,,3.0,28.865979381443296,0.0
NYJ,Geno Smith,,,,,0.0,8.3,12.2,3.0,0.0,12.195121951219512
NYJ,Isaiah Davis,RB,3.0,15.0,,3.0,,15.0,,,
NYJ,Isaiah Williams,WR,3.0,,4.2,6.5,,1.2,3.0,9.278350515463918,1.2195121951219512
NYJ,Jeremy Ruckert,TE,1.0,,4.2,5.1,,,3.0,8.24742268041237,0.0
NYJ,Kenyon Sadiq,TE,10.0,,12.5,12.5,2.8,1.2,3.0,14.432989690721648,1.2195121951219512
NYJ,Mason Taylor,TE,8.0,,12.5,9.5,,,1.0,13.043478260869565,0.0
NYJ,Omar Cooper Jr.,WR,11.0,,4.2,9.0,,,1.0,4.3478260869565215,0.0
NYJ,Sterling Shepard,WR,,,,5.3,,,1.0,5.263157894736842,0.0
NYJ,Tim Patrick,WR,1.0,,,1.0,,,,,
PHI,Dallas Goedert,TE,15.0,,17.9,13.8,,,2.0,12.5,0.0
PHI,Darius Cooper,WR,,,,8.8,,,1.0,8.823529411764707,0.0
PHI,DeVonta Smith,WR,26.0,,21.4,30.1,,,3.0,33.33333333333333,0.0
PHI,Dontayvion Wicks,WR,6.0,,14.3,13.0,,,3.0,18.51851851851852,0.0
PHI,Eli Stowers,TE,5.0,,,5.0,,,,,
PHI,Elijah Moore,WR,1.0,,,1.0,,,,,
PHI,Grant Calcaterra,TE,1.0,,,1.0,,,,,
PHI,Jalen Hurts,,,,,0.0,21.7,18.9,3.0,0.0,18.91891891891892
PHI,Johnny Mundt,TE,2.0,,,4.2,,,2.0,6.779661016949152,0.0
PHI,Makai Lemon,WR,17.0,,14.3,13.7,,1.4,3.0,11.11111111111111,1.3513513513513513
PHI,Marquise Brown,WR,5.0,,,3.5,,6.2,1.0,0.0,6.25
PHI,Saquon Barkley,RB,9.0,75.0,7.1,8.1,65.2,57.1,3.0,7.4074074074074066,45.94594594594595
PHI,Tank Bigsby,,,,,3.7,4.3,18.9,3.0,3.7037037037037033,18.91891891891892
PHI,Will Shipley,,,,3.6,6.2,8.7,12.2,3.0,6.172839506172839,12.162162162162163
PHI,Zach Ertz,TE,,,,8.0,,,1.0,8.0,0.0
PIT,Ben Skowronek,WR,0.5,,,1.6,,,2.0,2.941176470588235,0.0
PIT,DK Metcalf,WR,19.0,,23.3,21.2,,,3.0,22.857142857142858,0.0
PIT,Darnell Washington,TE,5.0,,4.7,6.5,,,3.0,7.6190476190476195,0.0
PIT,Germie Bernard,WR,4.0,,,8.3,,,2.0,13.23529411764706,0.0
PIT,Jaylen Warren,RB,8.0,45.0,14.0,11.0,55.6,55.1,3.0,13.333333333333334,61.29032258064516
PIT,Michael Pittman,WR,21.0,,7.0,16.7,,,2.0,11.76470588235294,0.0
PIT,Pat Freiermuth,TE,8.0,,11.6,11.0,,3.2,3.0,13.333333333333334,3.225806451612903
PIT,Rico Dowdle,RB,6.0,40.0,11.6,7.6,44.4,38.2,2.0,9.45945945945946,36.58536585365854
PIT,Robert Tonyan,TE,2.0,,,2.4,,,1.0,3.225806451612903,0.0
PIT,Roman Wilson,WR,6.0,,14.0,12.3,,,3.0,17.142857142857142,0.0
SEA,AJ Barner,TE,12.0,,7.7,12.4,,1.3,3.0,12.631578947368421,1.2658227848101267
SEA,Brady Russell,,,,7.7,4.3,,,2.0,4.3478260869565215,0.0
SEA,Cooper Kupp,WR,12.0,,11.5,11.2,,,3.0,10.526315789473683,0.0
SEA,Drew Lock,,,,,0.0,4.8,1.6,2.0,0.0,1.639344262295082
SEA,Elijah Arroyo,TE,6.0,,,5.4,,,1.0,3.8461538461538463,0.0
SEA,Emanuel Wilson,RB,5.0,10.0,,2.8,9.5,28.8,3.0,1.0526315789473684,40.50632911392405
SEA,George Holani,RB,4.0,10.0,3.8,5.9,38.1,15.6,3.0,7.368421052631578,18.9873417721519
SEA,Jadarian Price,RB,2.0,45.0,7.7,5.0,47.6,39.1,3.0,7.368421052631578,35.44303797468354
SEA,Jaxon Smith-Njigba,WR,32.0,,42.3,35.3,,,3.0,37.89473684210527,0.0
SEA,Rashid Shaheed,WR,11.0,,11.5,11.9,,1.3,3.0,12.631578947368421,1.2658227848101267
SEA,Tory Horton,WR,7.0,,,6.9,,,1.0,6.666666666666667,0.0
SEA,Zach Charbonnet,RB,2.0,30.0,,2.0,,30.0,,,
SF,Brock Purdy,,,,,0.0,16.7,11.7,3.0,0.0,11.688311688311687
SF,Christian Kirk,WR,4.0,,,4.0,,,,,
SF,Christian McCaffrey,RB,19.0,90.0,23.5,20.1,33.3,62.5,3.0,20.98765432098765,45.45454545454545
SF,DeZhaun Stribling,WR,15.0,,,15.0,,,,,
SF,Deebo Samuel Sr.,WR,13.0,,20.6,13.3,3.3,5.2,3.0,13.580246913580247,5.194805194805195
SF,Demarcus Robinson,WR,4.0,,8.8,7.2,,,2.0,10.909090909090908,0.0
SF,George Kittle,TE,14.0,,14.7,17.2,,,3.0,19.753086419753085,0.0
SF,Jacob Cowing,WR,,,,7.7,,,1.0,7.6923076923076925,0.0
SF,Jake Brendel,,,,2.9,2.9,,,1.0,2.941176470588235,0.0
SF,Jake Tonges,TE,8.0,,,8.0,,,,,
SF,Jordan James,RB,,,,0.0,,16.0,1.0,0.0,16.0
SF,Jordan Watkins,WR,,,,7.7,,,1.0,7.6923076923076925,0.0
SF,Kaelon Black,,,,2.9,2.5,46.7,32.5,3.0,2.4691358024691357,32.467532467532465
SF,Kyle Juszczyk,RB,3.0,2.0,,5.5,,2.0,2.0,8.51063829787234,0.0
SF,Luke Farrell,,,,5.9,5.0,,,2.0,5.0,0.0
SF,Mike Evans,WR,18.0,,20.6,19.0,,,3.0,19.753086419753085,0.0
SF,Ricky Pearsall,WR,0.0,,,0.0,,,,,
TB,Baker Mayfield,,,,,0.0,21.1,15.4,3.0,0.0,15.384615384615385
TB,Bucky Irving,RB,7.0,50.0,21.9,11.9,42.1,57.1,3.0,15.789473684210526,61.53846153846154
TB,Cade Otton,TE,12.0,,15.6,15.3,,,3.0,17.894736842105264,0.0
TB,Chris Godwin Jr.,WR,15.0,,12.5,13.1,5.3,3.1,3.0,11.578947368421053,3.076923076923077
TB,David Sills,WR,2.0,,,2.0,,,,,
TB,Emeka Egbuka,WR,23.0,,18.8,21.9,,1.5,3.0,21.052631578947366,1.5384615384615385
TB,Jalen McMillan,WR,12.0,,,9.3,,,1.0,2.857142857142857,0.0
TB,Kenny Gainwell,RB,9.0,35.0,3.1,9.9,26.3,22.9,3.0,10.526315789473683,15.384615384615385
TB,Ted Hurst III,WR,6.0,,9.4,10.3,,,3.0,13.684210526315791,0.0
TB,Tez Johnson,WR,6.0,,3.1,6.8,5.3,1.5,3.0,7.368421052631578,1.5384615384615385
TEN,Calvin Ridley,WR,8.0,,,7.0,,,2.0,5.769230769230769,0.0
TEN,Cam Ward,,,,,0.0,28.6,14.1,3.0,0.0,14.0625
TEN,Carnell Tate,WR,17.0,,17.1,21.5,,,3.0,25.0,0.0
TEN,Chimere Dike,WR,10.0,,2.9,6.8,,,2.0,3.1746031746031744,0.0
TEN,Daniel Bellinger,,,,2.9,5.0,,,3.0,5.0,0.0
TEN,Elic Ayomanor,WR,16.0,,8.6,13.3,,,3.0,11.25,0.0
TEN,Gunnar Helm,TE,7.0,,14.3,10.8,,,3.0,13.750000000000002,0.0
TEN,Michael Carter,RB,3.0,10.0,,3.0,,10.0,,,
TEN,Nicholas Singleton,RB,2.0,5.0,,1.4,,8.1,1.0,0.0,13.793103448275861
TEN,Tony Pollard,RB,5.0,50.0,5.7,7.1,50.0,55.8,3.0,8.75,59.375
TEN,Tyjae Spears,RB,6.0,30.0,11.4,6.8,21.4,24.0,3.0,7.5,20.3125
TEN,Wan'Dale Robinson,WR,18.0,,17.1,20.5,,,3.0,22.5,0.0
WAS,Antonio Williams,RB,9.0,,11.1,10.5,,,3.0,11.702127659574469,0.0
WAS,Chig Okonkwo,TE,12.0,,8.3,11.4,,,1.0,10.0,0.0
WAS,Dyami Brown,WR,6.0,,5.6,8.0,,,3.0,9.574468085106384,0.0
WAS,Jacory Croskey-Merritt,,,,2.8,3.2,50.0,50.0,3.0,3.1914893617021276,50.0
WAS,Jayden Daniels,,,,,0.0,15.6,18.8,2.0,0.0,18.75
WAS,Jaylin Lane,WR,8.0,,2.8,5.8,,,2.0,3.3333333333333335,0.0
WAS,Jeremy McNichols,RB,4.0,10.0,,4.0,,10.0,,,
WAS,Jerome Ford,RB,1.0,,,1.0,,,,,
WAS,John Bates,,,,11.1,8.3,,,2.0,8.333333333333332,0.0
WAS,Kaytron Allen,,,,,0.0,12.5,14.1,2.0,0.0,14.0625
WAS,Rachaad White,RB,6.0,40.0,5.6,8.0,21.9,29.7,3.0,9.574468085106384,23.404255319148938
WAS,Stefon Diggs,WR,18.0,,25.0,21.0,,,3.0,23.404255319148938,0.0
WAS,Terry McLaurin,WR,19.0,,11.1,21.5,,,3.0,23.404255319148938,0.0
WAS,Treylon Burks,WR,3.0,,,3.8,,,2.0,4.6875,0.0
,AJ Dillon,,,5.0,,,,5.0,,,
,Audric Estimé,,,2.0,,,,2.0,,,
,Braelon Allen,,,10.0,,,,10.0,,,
,Chris Rodriguez Jr.,,,35.0,,,,35.0,,,
,DJ Giddens,,,8.0,,,,8.0,,,
,Demond Claiborne,,,5.0,,,,5.0,,,
,Dylan Laube,,,5.0,,,,5.0,,,
,Eli Heidenreich,,,5.0,,,,5.0,,,
,Emari Demercado,,,10.0,,,,10.0,,,
,Emmett Johnson,,,5.0,,,,5.0,,,
,Jacory Croskey-Merritt,,,45.0,,,,45.0,,,
,Jaleel McLaughlin,,,5.0,,,,5.0,,,
,Jaydon Blue,,,5.0,,,,5.0,,,
,Jonathon Brooks,,,40.0,,,,40.0,,,
,Jordan James,,,3.0,,,,3.0,,,
,Kaleb Johnson,,,5.0,,,,5.0,,,
,Kendre Miller,,,3.0,,,,3.0,,,
,LeQuint Allen Jr.,,,15.0,,,,15.0,,,
,Malik Davis,,,20.0,,,,20.0,,,
,Raheim Sanders,,,5.0,,,,5.0,,,
,Ray Davis,,,16.0,,,,16.0,,,
,Sean Tucker,,,10.0,,,,10.0,,,
,Seth McGowan,,,7.0,,,,7.0,,,
,Tahj Brooks,,,7.0,,,,7.0,,,
,Tank Bigsby,,,15.0,,,,15.0,,,
,Trevor Etienne,,,10.0,,,,10.0,,,
,Tyler Allgeier,,,30.0,,,,30.0,,,
,Will Shipley,,,5.0,,,,5.0,,,
,Zavier Scott,,,5.0,,,,5.0,,,
